query_date,target_code
2021-01-01,600050 600176 600183 600487 600498 600522 600584 600703 600745 601138 601231 603019 603986 688008 688012 000063 000066 000938 000977 002179 002371 002384 002463 002475 002600 002602 002916 002938 300408 300433 
2021-06-30,600050 600176 600183 600487 600498 600522 600584 600703 600745 601138 601231 603019 603986 688008 688012 000063 000066 000938 000977 002179 002371 002384 002415 002463 002475 002600 002602 002916 002938 300433 
2021-12-31,600050 600176 600183 600522 600584 600703 600745 601138 601231 603019 603986 688008 688012 688126 000063 000066 000938 000977 002179 002371 002384 002415 002463 002475 002600 002602 002916 002938 300274 300433 
2022-06-30,600050 600176 600183 600460 600584 600745 600941 601138 603019 603986 688008 688012 688126 688981 000063 000066 000938 000977 002179 002371 002415 002475 002600 002602 002916 002938 300223 300274 300316 300433 
2022-12-31,600050 600176 600183 600460 600584 600745 600941 601138 603019 603986 688008 688012 688126 688981 000063 000066 000938 000977 002179 002371 002415 002475 002600 002602 002916 002938 300223 300274 300316 300433 
2023-06-30,600050 600176 600183 600584 600745 600941 601138 601689 603019 603986 688008 688012 688126 688981 000063 000938 000977 002179 002371 002415 002475 002916 002938 300223 300274 300316 300433 
2023-12-31,600050 600176 600183 600584 600745 600941 601138 601689 603019 603986 688008 688012 688041 688126 688256 688981 000063 000938 000977 002179 002371 002415 002475 002916 002938 300223 300274 300308 300316 300433 301269 
2024-06-30,600050 600176 600183 600584 600745 600941 601138 601689 603019 603296 603986 688008 688012 688041 688082 688126 688256 688981 000063 000938 000977 002179 002371 002415 002475 002916 002938 300223 300274 300308 300316 300433 300442 301269 
2024-12-31,600050 600176 600183 600584 600745 600941 601138 601689 603019 603296 603986 688008 688012 688041 688082 688126 688256 688981 000063 000938 000977 002179 002371 002415 002463 002475 002916 002938 300274 300308 300316 300394 300433 300442 300502 301269 
2025-06-30,600050 600176 600183 600584 600941 601138 601689 603019 603296 603986 688008 688012 688041 688047 688082 688126 688256 688981 000063 000938 000977 002179 002371 002415 002463 002475 002600 002916 002938 300274 300308 300316 300394 300433 300442 300502 301236 301269 
2025-12-31,600050 600176 600183 600522 600584 600941 601138 601689 603019 603296 603893 603986 688008 688012 688041 688047 688082 688126 688256 688981 000063 000938 000977 002179 002371 002384 002415 002463 002475 002600 002916 002938 300274 300308 300316 300394 300433 300442 300476 300502 301236 301269 
