symbol,entry_date,initial_entry_price,avg_price,exit_date,exit_price,initial_shares,total_cost,pnl,return_pct,bars_held,reason,initial_r,pyramid_count,tp_taken,high_water,in_breakout_level,in_vol_ratio,in_adx,in_slope_ma60,stop_history,partial_exits
sh.600584,2017-09-07,64.68700972119,64.68700972119,2017-09-15,60.8995662876227,2600.0,168236.6811426765,-9894.854588979319,-0.058815084331031164,6,stop,3.7569784179156613,0,0,64.68700972119,63.24285001,1.3751909959218165,26.25564830959224,0.07706239471235724,[],[]
sh.603986,2017-09-14,251.71675556003999,251.71675556003999,2017-09-15,231.46362540767916,400.0,100716.9082346832,-8129.02769599324,-0.08071164850544828,1,stop,20.137340444803186,0,0,251.71675556003999,226.36368224,1.357070071210513,41.33433716179204,0.06023941403392184,[],[]
sh.600584,2017-10-11,73.850399116185,73.850399116185,2017-10-12,68.63863802274501,1900.0,140357.85304824775,-9941.470101208944,-0.07082945403697208,1,stop_gap,5.1473151515365885,0,0,73.850399116185,68.89017949,5.27837141033554,35.68647168894026,0.13490428117142522,[],[]
sh.600584,2017-11-01,78.2328896964,81.43661872310862,2017-11-24,80.25329421953,1500.0,179214.30935919622,-2656.281082057849,-0.014821813568100242,17,stop,6.222016194903617,1,0,94.55656796,75.76833719,1.6231200988554382,40.41174879664621,0.29504125230975786,"[{""date"": ""2017-11-03 00:00:00"", ""old"": 72.01087350149638, ""new"": 78.2328896964, ""high_water"": 86.48378287}, {""date"": ""2017-11-16 00:00:00"", ""old"": 78.2328896964, ""new"": 79.2798177, ""high_water"": 94.55656796}, {""date"": ""2017-11-17 00:00:00"", ""old"": 79.2798177, ""new"": 79.93143264, ""high_water"": 94.55656796}, {""date"": ""2017-11-20 00:00:00"", ""old"": 79.93143264, ""new"": 80.29344094, ""high_water"": 94.55656796}]",[]
sh.603986,2018-03-02,300.95260110000004,338.44842898181145,2018-04-12,363.71175991711476,400.0,268903.548276986,22059.21570474772,0.08203393315593392,27,stop,24.076208087999987,2,1,432.49340316,298.07492672,2.7177650429037525,35.36708064463416,0.7432087715896493,"[{""date"": ""2018-03-05 00:00:00"", ""old"": 276.87639301200005, ""new"": 300.95260110000004, ""high_water"": 334.5923138}, {""date"": ""2018-03-20 00:00:00"", ""old"": 307.398952856408, ""new"": 341.93188748, ""high_water"": 416.89179572}, {""date"": ""2018-03-23 00:00:00"", ""old"": 341.93188748, ""new"": 343.07493584, ""high_water"": 416.89179572}, {""date"": ""2018-04-11 00:00:00"", ""old"": 343.07493584, ""new"": 362.5669184, ""high_water"": 432.49340316}]","[{""date"": ""2018-03-12 00:00:00"", ""price"": 372.994634751318, ""shares"": 100.0, ""reason"": ""tp_3.0R"", ""remaining"": 500.0}]"
sh.600584,2019-02-26,53.44041335325,53.44041335325,2019-02-27,49.14059769484751,2300.0,122949.82459768876,-9923.48302673518,-0.08071164850544833,1,stop,4.27523306826,0,0,53.44041335325,52.72519875,1.9904377103794046,39.74940688187106,0.027755803183633763,[],[]
sh.601020,2019-03-07,11.51514197364,11.51514197364,2019-03-27,10.61409624187574,11300.0,130160.14063342265,-10217.798555196094,-0.07850174796578514,14,stop,0.8957360287918359,0,0,11.9273544,11.49919296,1.6574412458208583,37.03432081109941,0.08084869468129137,[],[]
sh.603986,2019-02-25,243.98048281676998,262.15272930529443,2019-03-29,271.62852963994317,500.0,234709.45701978906,9753.271672747098,0.04155465994676461,24,stop,19.518438625341588,2,1,330.6413575,227.31241582,1.5497482200642154,34.58988943632127,0.04423388020673194,"[{""date"": ""2019-02-26 00:00:00"", ""old"": 224.4620441914284, ""new"": 243.98048281676998, ""high_water"": 276.47245425}, {""date"": ""2019-03-12 00:00:00"", ""old"": 243.98048281676998, ""new"": 251.45626984, ""high_water"": 330.6413575}, {""date"": ""2019-03-13 00:00:00"", ""old"": 251.45626984, ""new"": 252.86325434, ""high_water"": 330.6413575}, {""date"": ""2019-03-18 00:00:00"", ""old"": 252.86325434, ""new"": 267.91798849, ""high_water"": 330.6413575}]","[{""date"": ""2019-03-06 00:00:00"", ""price"": 302.38453079344833, ""shares"": 100.0, ""reason"": ""tp_3.0R"", ""remaining"": 600.0}]"
sh.603986,2019-04-08,332.214366171,332.214366171,2019-04-10,305.48439826888136,300.0,99694.2091442554,-8046.483966479788,-0.08071164850544828,2,stop,26.57714929368001,0,0,332.214366171,330.6413575,1.6351456757389582,35.95943151846978,0.656644463940467,[],[]
sh.601020,2019-04-04,12.5452831068,12.5452831068,2019-04-25,11.535889628026872,9700.0,121725.75290980078,-9824.686182916892,-0.0807116485054483,14,stop,1.003622648543999,0,0,13.23222736,12.2841556,1.6335535914277235,40.256657345534045,0.3688523603227843,[],[]
sh.600584,2019-09-10,67.978816171875,67.978816171875,2019-09-25,67.94482676378907,1800.0,122398.57767010781,-97.87114100711926,-0.0007996101169647934,10,stop,5.438305293749998,0,0,74.213888,63.5601365,1.6597985640844606,26.393778332342407,0.11298925194500038,"[{""date"": ""2019-09-23 00:00:00"", ""old"": 62.540510878125, ""new"": 67.978816171875, ""high_water"": 73.88775275}]",[]
sh.603986,2019-08-22,312.60167266497,333.805351157946,2019-09-30,400.841275102,300.0,166952.7463816467,33457.8357807617,0.20040302723908804,26,stop,25.008133813197617,2,0,513.64416506,296.09311192,1.5864371875382866,24.57977595145575,0.20524727435920365,"[{""date"": ""2019-08-27 00:00:00"", ""old"": 287.5935388517724, ""new"": 312.60167266497, ""high_water"": 353.70756712}, {""date"": ""2019-09-09 00:00:00"", ""old"": 312.60167266497, ""new"": 315.77805078, ""high_water"": 438.0393138}, {""date"": ""2019-09-10 00:00:00"", ""old"": 315.77805078, ""new"": 326.65136708, ""high_water"": 450.7483848}, {""date"": ""2019-09-16 00:00:00"", ""old"": 326.65136708, ""new"": 352.7473262, ""high_water"": 450.7483848}, {""date"": ""2019-09-17 00:00:00"", ""old"": 352.7473262, ""new"": 354.47011138, ""high_water"": 450.7483848}, {""date"": ""2019-09-18 00:00:00"", ""old"": 354.47011138, ""new"": 384.03988324, ""high_water"": 450.7483848}, {""date"": ""2019-09-19 00:00:00"", ""old"": 384.03988324, ""new"": 391.7218106, ""high_water"": 450.7483848}, {""date"": ""2019-09-20 00:00:00"", ""old"": 391.7218106, ""new"": 395.39332, ""high_water"": 466.93126854}, {""date"": ""2019-09-24 00:00:00"", ""old"": 395.39332, ""new"": 401.041796, ""high_water"": 513.64416506}]",[]
sh.600584,2019-11-15,72.87329093625,72.87329093625,2019-11-25,67.00990594751934,1700.0,123921.75997000249,-10001.929532875354,-0.08071164850544814,6,stop,5.829863274899992,0,0,77.547715,70.590163,2.0021033160834905,23.935365787367154,0.4536924276958574,[],[]
sh.600584,2019-12-17,87.41169375487499,87.41169375487499,2019-12-19,80.37854887535777,1400.0,122413.08416820204,-9880.161821851763,-0.08071164850544815,2,stop,6.99293550038999,0,0,89.0711605,88.23770375,1.2831867609510281,41.713943709130334,0.4917779120758795,[],[]
sh.603986,2019-12-06,531.2222223719999,551.943656578,2019-12-23,519.37173384519,200.0,165632.77190249198,-9818.320275889062,-0.05927764272199168,11,stop_gap,42.49777778975999,1,0,601.53445162,521.55203146,1.2456359693867274,24.25011198468362,0.6248495530926523,"[{""date"": ""2019-12-12 00:00:00"", ""old"": 488.7244445822399, ""new"": 531.2222223719999, ""high_water"": 601.53445162}]",[]
sh.600584,2020-01-23,92.777488311375,92.777488311375,2020-02-04,79.68208902500001,1300.0,120646.91802522894,-17055.09508700723,-0.14136370299522094,2,stop_gap,7.422199064909989,0,0,92.777488311375,91.607768,1.3954609541095166,23.32992098462205,0.46453535912447874,[],[]
sh.600584,2020-02-14,102.8202254205,105.24480319729686,2020-02-28,96.66886163987502,1100.0,168442.2026212097,-13767.90754546211,-0.08173668671635205,10,stop_gap,8.22561803363999,1,0,127.4826455,100.12352175,1.2173637622703453,22.52709189039625,0.4959767551589949,"[{""date"": ""2020-02-17 00:00:00"", ""old"": 94.59460738686, ""new"": 102.8202254205, ""high_water"": 111.50201825}]",[]
sh.603986,2020-01-03,632.945626656,632.945626656,2020-03-04,890.62979371431,100.0,63313.55103439967,25741.697812019578,0.4065748546947483,37,stop,50.63565013248001,0,0,1209.28222684,617.49139632,1.3102807235112977,30.71394559467134,0.45706565206684124,"[{""date"": ""2020-01-10 00:00:00"", ""old"": 582.3099765235199, ""new"": 632.945626656, ""high_water"": 701.48423444}, {""date"": ""2020-02-04 00:00:00"", ""old"": 632.945626656, ""new"": 675.5577296, ""high_water"": 861.39259}, {""date"": ""2020-02-05 00:00:00"", ""old"": 675.5577296, ""new"": 701.20181064, ""high_water"": 861.39259}, {""date"": ""2020-02-07 00:00:00"", ""old"": 701.20181064, ""new"": 703.3764739, ""high_water"": 861.39259}, {""date"": ""2020-02-11 00:00:00"", ""old"": 703.3764739, ""new"": 718.40142006, ""high_water"": 861.39259}, {""date"": ""2020-02-12 00:00:00"", ""old"": 718.40142006, ""new"": 719.3334186, ""high_water"": 861.39259}, {""date"": ""2020-02-19 00:00:00"", ""old"": 719.3334186, ""new"": 768.192736, ""high_water"": 1006.67139272}, {""date"": ""2020-02-21 00:00:00"", ""old"": 768.192736, ""new"": 776.66545, ""high_water"": 1123.70781544}, {""date"": ""2020-02-25 00:00:00"", ""old"": 776.66545, ""new"": 782.313926, ""high_water"": 1209.28222684}, {""date"": ""2020-02-27 00:00:00"", ""old"": 782.313926, ""new"": 835.974448, ""high_water"": 1209.28222684}, {""date"": ""2020-02-28 00:00:00"", ""old"": 835.974448, ""new"": 851.73369604, ""high_water"": 1209.28222684}, {""date"": ""2020-03-02 00:00:00"", ""old"": 851.73369604, ""new"": 872.689542, ""high_water"": 1209.28222684}, {""date"": ""2020-03-03 00:00:00"", ""old"": 872.689542, ""new"": 891.07533138, ""high_water"": 1209.28222684}]",[]
sh.603986,2020-07-07,1053.9988073356499,1053.9988073356499,2020-07-16,1053.471807931982,100.0,105431.50069778506,-84.30409460473818,-0.0007996101169648747,7,stop,84.31990458685198,0,0,1167.885235,977.856451,1.5648615668359862,34.74899999740186,0.3237405531995188,"[{""date"": ""2020-07-14 00:00:00"", ""old"": 969.6789027487979, ""new"": 1053.9988073356499, ""high_water"": 1167.885235}]",[]
sh.601020,2020-07-09,12.349455642,13.63973030853871,2020-07-16,13.003008317703994,10600.0,285893.3106785424,-10226.491205595903,-0.0357703059974514,5,stop,0.9264714105655898,2,1,15.68625675,11.55125661,4.641200776302379,30.609567952403705,0.00346484768622632,"[{""date"": ""2020-07-10 00:00:00"", ""old"": 11.42298423143441, ""new"": 12.349455642, ""high_water"": 15.14109504}]","[{""date"": ""2020-07-10 00:00:00"", ""price"": 15.121305438759922, ""shares"": 2600.0, ""reason"": ""tp_3.0R"", ""remaining"": 8000.0}]"
sh.601020,2020-08-04,17.320111537905,17.320111537905,2020-08-05,15.926535363565165,7200.0,124742.21451383787,-10068.14977163211,-0.08071164850544828,1,stop,1.3856089230323985,0,0,17.34231402,15.68625675,1.393537729079795,39.632822653062725,0.8410977178670586,[],[]
sh.600584,2020-07-03,126.8937901875,137.67966939095385,2020-08-21,155.5281885407024,900.0,232713.24242771787,31675.151750138266,0.13611237340727078,35,stop,10.151503214999991,2,2,193.61562675,117.118792,2.061892488048039,29.45084681836974,0.3655089328719661,"[{""date"": ""2020-07-07 00:00:00"", ""old"": 116.74228697250001, ""new"": 126.8937901875, ""high_water"": 149.5148935}, {""date"": ""2020-07-20 00:00:00"", ""old"": 126.8937901875, ""new"": 127.120273, ""high_water"": 193.61562675}, {""date"": ""2020-07-21 00:00:00"", ""old"": 127.120273, ""new"": 136.65066975, ""high_water"": 193.61562675}, {""date"": ""2020-07-23 00:00:00"", ""old"": 136.65066975, ""new"": 139.5134125, ""high_water"": 193.61562675}, {""date"": ""2020-08-04 00:00:00"", ""old"": 139.5134125, ""new"": 140.0932085, ""high_water"": 193.61562675}, {""date"": ""2020-08-11 00:00:00"", ""old"": 140.0932085, ""new"": 140.27439475, ""high_water"": 193.61562675}, {""date"": ""2020-08-13 00:00:00"", ""old"": 140.27439475, ""new"": 148.282827, ""high_water"": 193.61562675}, {""date"": ""2020-08-14 00:00:00"", ""old"": 148.282827, ""new"": 150.3845875, ""high_water"": 193.61562675}]","[{""date"": ""2020-07-09 00:00:00"", ""price"": 157.26962568258372, ""shares"": 200.0, ""reason"": ""tp_3.0R"", ""remaining"": 1100.0}, {""date"": ""2020-07-13 00:00:00"", ""price"": 187.7089080727612, ""shares"": 200.0, ""reason"": ""tp_6.0R"", ""remaining"": 1300.0}]"
sh.600584,2021-01-19,175.11343045874997,175.11343045874997,2021-01-22,161.02380384403898,600.0,105099.57869273257,-8482.760253518523,-0.0807116485054482,3,stop,14.00907443669999,0,0,175.11343045874997,173.90256275,1.5469691015933376,23.045710180616332,0.21296823727606856,[],[]
sh.600584,2021-07-09,151.5474408525,151.5474408525,2021-07-14,138.900368823125,300.0,45477.871525426715,-3806.622642006576,-0.08370274408902999,3,stop_gap,12.123795268199984,0,0,152.5588225,150.6744855,1.406164559470429,26.457900886966403,0.10248530718581263,[],[]
sh.601020,2021-08-26,14.490027953279998,15.285881761319999,2021-09-07,14.482782939303359,4400.0,100917.08567059941,-5329.128135529644,-0.05280699596225261,8,stop,1.0769561930272413,1,0,17.42460258,13.22788602,2.2697286905860277,47.12350293580844,0.5935726009715856,"[{""date"": ""2021-08-30 00:00:00"", ""old"": 13.413071760252757, ""new"": 14.490027953279998, ""high_water"": 16.07712741}]",[]
sh.605255,2021-12-14,20.301883939035,20.301883939035,2021-12-21,18.668394357300247,2900.0,58893.12606222846,-4753.3612901216375,-0.08071164850544825,5,stop,1.6241507151227985,0,0,20.301883939035,21.1176254,6.1170985739079615,37.87198517659777,0.1038528101307465,[],[]
sh.601020,2022-04-06,18.1125349416,18.1125349416,2022-04-15,18.1034786741292,3200.0,57977.49984666394,-46.35939543372515,-0.0007996101169649298,7,stop,1.4490027953279991,0,0,19.90354545,17.46574686,1.2214215600878247,34.04306686382027,0.27652888105813284,"[{""date"": ""2022-04-14 00:00:00"", ""old"": 16.663532146272, ""new"": 18.1125349416, ""high_water"": 19.90354545}]",[]
sh.605255,2022-11-04,20.06050674075,20.06050674075,2022-11-11,18.827288641055585,3800.0,76252.79459253445,-4707.691887889582,-0.06173795876001231,5,stop,1.223799746197141,0,0,20.287383,19.598215,1.232160700897629,22.764737405854074,0.1520931400892414,[],[]
sh.601020,2023-02-02,16.36302872565,17.042248785960002,2023-02-16,16.354847211287176,4200.0,107398.37720175346,-4361.540581668138,-0.04061086112572032,10,stop,1.123105716819504,1,0,18.57664242,15.16166718,3.645981229014135,29.06664065689286,0.015393087939318205,"[{""date"": ""2023-02-07 00:00:00"", ""old"": 15.239923008830496, ""new"": 16.36302872565, ""high_water"": 18.44292351}]",[]
sh.600584,2023-02-10,102.47227052999999,102.47227052999999,2023-02-16,102.421034394735,800.0,82002.40976892719,-65.5699564667367,-0.0007996101169649143,4,stop,5.3358580899937635,0,0,109.0784289,102.53079685,1.266107431961284,42.756139338465246,0.25862303286125976,"[{""date"": ""2023-02-14 00:00:00"", ""old"": 97.13641244000623, ""new"": 102.47227052999999, ""high_water"": 109.0784289}]",[]
sh.688256,2023-02-14,87.54374999999999,87.54374999999999,2023-02-16,80.499979875,600.0,52542.007874999996,-4240.752071377497,-0.0807116485054483,2,stop,7.0035000000000025,0,0,90.87,83.63,2.4200984568810147,41.98251563275577,0.011060540627906474,[],[]
sh.600584,2023-03-17,112.71949758299999,121.8255561687341,2023-04-21,123.604501154648,600.0,145693.3885707038,2631.2101025569386,0.018059914237494958,24,stop,7.780735592902275,2,1,141.01185225,109.005271,2.995317197786367,29.981000502286637,0.23827964314266933,"[{""date"": ""2023-03-20 00:00:00"", ""old"": 104.93876199009772, ""new"": 112.71949758299999, ""high_water"": 121.8810614}, {""date"": ""2023-04-04 00:00:00"", ""old"": 112.71949758299999, ""new"": 115.589482, ""high_water"": 130.221062}, {""date"": ""2023-04-06 00:00:00"", ""old"": 115.589482, ""new"": 115.6626399, ""high_water"": 140.0242206}, {""date"": ""2023-04-07 00:00:00"", ""old"": 115.6626399, ""new"": 116.6868505, ""high_water"": 141.01185225}, {""date"": ""2023-04-18 00:00:00"", ""old"": 116.6868505, ""new"": 119.1010612, ""high_water"": 141.01185225}, {""date"": ""2023-04-19 00:00:00"", ""old"": 119.1010612, ""new"": 122.5394825, ""high_water"": 141.01185225}]","[{""date"": ""2023-04-06 00:00:00"", ""price"": 135.99367350952596, ""shares"": 100.0, ""reason"": ""tp_3.0R"", ""remaining"": 800.0}]"
sh.603986,2023-04-07,765.050607186525,765.050607186525,2023-04-24,703.4946353322972,100.0,76528.0122368681,-6176.702024482746,-0.08071164850544832,11,stop,61.20404857492201,0,0,783.82559115,749.3760279,1.973095096167909,24.79648814913181,0.15475258284456977,[],[]
sh.688256,2023-03-15,102.05099999999999,114.7923675,2023-05-10,186.87193062666668,500.0,102668.0841879,65496.9891427308,0.637948878279059,36,stop,8.164079999999998,2,2,271.47,99.5,1.4373351984956142,47.42670447439116,0.5331173960976534,"[{""date"": ""2023-03-17 00:00:00"", ""old"": 93.88691999999999, ""new"": 102.05099999999999, ""high_water"": 122.93}, {""date"": ""2023-04-03 00:00:00"", ""old"": 103.46904965831487, ""new"": 122.15, ""high_water"": 217.0}, {""date"": ""2023-04-04 00:00:00"", ""old"": 122.15, ""new"": 130.48, ""high_water"": 226.53}, {""date"": ""2023-04-06 00:00:00"", ""old"": 130.48, ""new"": 133.0, ""high_water"": 230.98}, {""date"": ""2023-04-07 00:00:00"", ""old"": 133.0, ""new"": 159.85, ""high_water"": 230.98}, {""date"": ""2023-04-10 00:00:00"", ""old"": 159.85, ""new"": 163.01, ""high_water"": 230.98}, {""date"": ""2023-04-11 00:00:00"", ""old"": 163.01, ""new"": 165.23, ""high_water"": 230.98}, {""date"": ""2023-04-18 00:00:00"", ""old"": 165.23, ""new"": 183.89, ""high_water"": 230.98}, {""date"": ""2023-05-04 00:00:00"", ""old"": 183.89, ""new"": 185.55, ""high_water"": 271.47}, {""date"": ""2023-05-08 00:00:00"", ""old"": 185.55, ""new"": 200.73, ""high_water"": 271.47}]","[{""date"": ""2023-03-20 00:00:00"", ""price"": 126.47996837999999, ""shares"": 100.0, ""reason"": ""tp_3.0R"", ""remaining"": 600.0}, {""date"": ""2023-03-22 00:00:00"", ""price"": 150.95996226, ""shares"": 100.0, ""reason"": ""tp_6.0R"", ""remaining"": 700.0}]"
sh.605255,2023-07-05,17.86603885515,17.86603885515,2023-08-04,16.874867515752708,10100.0,180501.1265347461,-10061.961376485364,-0.0557445904613147,22,stop,0.9827296848121208,0,0,18.50149532,17.5840658,2.481308620255212,32.21681215940534,0.050802621076209885,[],[]
sh.688525,2023-12-04,71.465715,73.8893262,2023-12-20,72.46375,1700.0,184778.73249465,-3618.288312499987,-0.019581735753083754,12,stop,5.717257199999992,1,0,87.34,71.99,2.115856157650841,22.067253972661863,0.07321541326171736,"[{""date"": ""2023-12-05 00:00:00"", ""old"": 65.74845780000001, ""new"": 71.465715, ""high_water"": 83.3}, {""date"": ""2023-12-19 00:00:00"", ""old"": 71.465715, ""new"": 72.5, ""high_water"": 87.34}]",[]
sh.688256,2024-03-19,191.0955,191.0955,2024-03-26,175.71995607000002,600.0,114691.69718999999,-9256.955950092579,-0.08071164850544818,5,stop,15.287639999999982,0,0,193.0,189.5,1.5122769491954797,45.10211570209652,0.17140288521814395,[],[]
sh.601020,2024-05-14,16.719708406365,16.719708406365,2024-05-23,16.702997053635002,7200.0,120418.01509598576,-156.40021329184373,-0.0012988107565730625,7,stop_gap,1.3375766725091989,0,0,18.10756394,16.62498915,1.5126103565620868,30.67902235691609,0.05253430932031733,"[{""date"": ""2024-05-22 00:00:00"", ""old"": 15.382131733855802, ""new"": 16.719708406365, ""high_water"": 18.10756394}]",[]
sh.600584,2024-06-18,114.859048824,119.35189128925,2024-07-25,120.27692865140003,1200.0,214897.8543419462,1600.1177103982575,0.007445945494886816,27,stop,7.838735051545697,1,0,135.4715174,111.490062,2.221897529424139,27.48835952421232,0.07080583453523828,"[{""date"": ""2024-07-09 00:00:00"", ""old"": 107.0203137724543, ""new"": 114.859048824, ""high_water"": 122.81028294}, {""date"": ""2024-07-24 00:00:00"", ""old"": 114.859048824, ""new"": 120.3370972, ""high_water"": 135.4715174}]",[]
sh.688256,2024-07-22,268.13399999999996,268.13399999999996,2024-07-29,246.55993836,400.0,107285.77607999998,-8659.211848603187,-0.08071164850544825,5,stop,21.45071999999999,0,0,271.0,257.55,1.8634752127883754,24.337176294154418,0.40598576380238577,[],[]
sh.688256,2024-10-21,454.227,454.227,2024-10-22,417.6798955800001,100.0,45436.32681,-3667.2408388673925,-0.08071164850544821,1,stop,36.33815999999996,0,0,454.227,415.0,1.4098504369546077,42.74863964427282,0.5586192787386011,[],[]
sh.600584,2024-11-07,157.32894235860002,160.97594542383752,2024-11-18,156.02795437631,300.0,64409.695282985864,-1997.9197735361665,-0.03101892913416603,7,stop_gap,12.586315388688007,1,0,176.88815024,155.035524,1.9088240770385654,43.39262586779595,0.24688892686601915,"[{""date"": ""2024-11-11 00:00:00"", ""old"": 144.742626969912, ""new"": 157.32894235860002, ""high_water"": 176.88815024}]",[]
sh.605255,2024-11-13,15.864581086379998,15.864581086379998,2024-11-18,14.629391286646385,3900.0,61890.42779675306,-4834.356606766466,-0.07811153968174848,3,stop,1.2278714449128802,0,0,16.2789042,15.3343944,3.2594868525032075,43.658314927531876,0.18018336125020523,[],[]
sh.603986,2024-12-19,600.1253787329999,600.1253787329999,2024-12-24,599.8253160436335,100.0,60030.54163466199,-48.00102841795176,-0.0007996101169647898,3,stop,47.07704579433005,0,0,658.963188,563.2164,2.1316980234661975,23.81860596062222,0.3195428390159071,"[{""date"": ""2024-12-23 00:00:00"", ""old"": 553.0483329386699, ""new"": 600.1253787329999, ""high_water"": 658.963188}]",[]
sh.605255,2025-02-19,18.86404460865,19.494756546502696,2025-02-24,18.488737456776605,3700.0,142365.70076412088,-7395.710763523113,-0.05194868373370861,3,stop_gap,1.2806356893432316,2,1,22.88521513,16.63044987,3.224690905261437,22.08640918416901,0.07591973205333136,"[{""date"": ""2025-02-20 00:00:00"", ""old"": 17.58340891930677, ""new"": 18.86404460865, ""high_water"": 20.81911036}]","[{""date"": ""2025-02-21 00:00:00"", ""price"": 22.694598700841357, ""shares"": 900.0, ""reason"": ""tp_3.0R"", ""remaining"": 4600.0}]"
sh.601020,2025-03-05,24.978943630199996,28.14728184320603,2025-03-27,32.372781440274096,2300.0,125863.76183043787,19807.799200059075,0.15737491802242412,16,stop,1.9983154904159974,2,2,37.56514244,23.3789976,1.969364571175572,32.82259061922818,0.05795242242091064,"[{""date"": ""2025-03-06 00:00:00"", ""old"": 22.980628139784, ""new"": 24.978943630199996, ""high_water"": 30.17622468}, {""date"": ""2025-03-20 00:00:00"", ""old"": 26.069116141022693, ""new"": 27.50640088, ""high_water"": 37.56514244}, {""date"": ""2025-03-21 00:00:00"", ""old"": 27.50640088, ""new"": 30.306108, ""high_water"": 37.56514244}, {""date"": ""2025-03-24 00:00:00"", ""old"": 30.306108, ""new"": 31.93686524, ""high_water"": 37.56514244}]","[{""date"": ""2025-03-07 00:00:00"", ""price"": 30.958403156397267, ""shares"": 500.0, ""reason"": ""tp_3.0R"", ""remaining"": 2900.0}, {""date"": ""2025-03-19 00:00:00"", ""price"": 36.95035215440963, ""shares"": 500.0, ""reason"": ""tp_6.0R"", ""remaining"": 3500.0}]"
sh.605255,2025-04-01,18.355732029374998,18.355732029374998,2025-04-08,16.599565555255,6500.0,119348.05186839477,-11447.451234612727,-0.0959165319869305,4,stop_gap,1.4684585623499977,0,0,19.56589927,18.60623312,3.7184460593644006,28.025774243753997,0.18749905278068119,[],[]
sh.605255,2025-05-29,20.76174490461,22.25871200315214,2025-06-19,22.897331442648692,3200.0,141719.38516015664,4822.07626105375,0.034025523435656575,14,stop,1.4518075799739272,2,1,25.93356643,20.19814991,1.7565795002509117,22.621900338496502,0.24719006613464606,"[{""date"": ""2025-05-30 00:00:00"", ""old"": 19.309937324636074, ""new"": 20.76174490461, ""high_water"": 23.43843444}, {""date"": ""2025-06-16 00:00:00"", ""old"": 20.806904423178214, ""new"": 21.89167841, ""high_water"": 25.93356643}, {""date"": ""2025-06-17 00:00:00"", ""old"": 21.89167841, ""new"": 22.33199582, ""high_water"": 25.93356643}, {""date"": ""2025-06-18 00:00:00"", ""old"": 22.33199582, ""new"": 22.59330272, ""high_water"": 25.93356643}]","[{""date"": ""2025-06-06 00:00:00"", ""price"": 25.104609060709517, ""shares"": 800.0, ""reason"": ""tp_3.0R"", ""remaining"": 4000.0}]"
sh.600584,2025-07-25,128.93261172881998,128.93261172881998,2025-07-31,128.86814542295556,1500.0,193456.93726850793,-154.69012423695122,-0.0007996101169649428,4,stop,4.301696686899447,0,0,133.72203942,127.90481576,1.6618867095028085,29.30871380832695,0.04835118940618586,"[{""date"": ""2025-07-30 00:00:00"", ""old"": 124.63091504192053, ""new"": 128.93261172881998, ""high_water"": 133.72203942}]",[]
sh.688256,2025-08-15,923.4615,923.4615,2025-08-20,919.6499450000001,100.0,92373.85384499999,-408.74499834998846,-0.0044248992689624915,3,stop_gap,73.87691999999993,0,0,1027.0,868.0,1.7335915967876696,50.61341022764401,0.007090172919602377,"[{""date"": ""2025-08-19 00:00:00"", ""old"": 849.5845800000001, ""new"": 923.4615, ""high_water"": 1001.1}]",[]
sh.600584,2025-08-19,136.79164384109998,142.9291030699164,2025-09-04,139.07194264424592,1400.0,399199.1502351292,-9794.807435139559,-0.024536142998727316,12,stop,5.477508315294415,2,1,158.17661022,133.83319656,2.150922702993271,37.469958341112815,0.07354219536075626,"[{""date"": ""2025-08-22 00:00:00"", ""old"": 131.31413552580557, ""new"": 136.79164384109998, ""high_water"": 145.2453296}]","[{""date"": ""2025-09-01 00:00:00"", ""price"": 153.14755670258975, ""shares"": 300.0, ""reason"": ""tp_3.0R"", ""remaining"": 1800.0}]"
sh.601020,2025-07-22,30.421431874379998,33.24923002919883,2025-09-19,35.56592205593341,1900.0,122508.33184369697,9082.843066884543,0.07414061501117283,43,stop,2.4337145499503983,2,1,42.0942558,30.1603173,1.658906906441928,38.69756007049172,0.05420373975345453,"[{""date"": ""2025-08-14 00:00:00"", ""old"": 27.9877173244296, ""new"": 30.421431874379998, ""high_water"": 33.37163166}, {""date"": ""2025-08-28 00:00:00"", ""old"": 30.80171273509971, ""new"": 31.40433998, ""high_water"": 39.02759524}, {""date"": ""2025-09-02 00:00:00"", ""old"": 31.40433998, ""new"": 32.37352044, ""high_water"": 42.0942558}, {""date"": ""2025-09-03 00:00:00"", ""old"": 32.37352044, ""new"": 33.00999716, ""high_water"": 42.0942558}, {""date"": ""2025-09-04 00:00:00"", ""old"": 33.00999716, ""new"": 33.42949318, ""high_water"": 42.0942558}, {""date"": ""2025-09-09 00:00:00"", ""old"": 33.42949318, ""new"": 34.5722582, ""high_water"": 42.0942558}, {""date"": ""2025-09-12 00:00:00"", ""old"": 34.5722582, ""new"": 35.32445796, ""high_water"": 42.0942558}]","[{""date"": ""2025-08-26 00:00:00"", ""price"": 37.703714236469075, ""shares"": 400.0, ""reason"": ""tp_3.0R"", ""remaining"": 2400.0}]"
sh.605255,2025-07-17,23.56020397488,26.636812691747238,2025-10-29,78.11896525474658,2700.0,140247.45894803066,273700.9093665698,1.9515569937562356,45,stop,1.7792246832656602,2,2,126.53159168,23.29827744,4.004427069571244,28.633108229983215,0.3598496272710453,"[{""date"": ""2025-07-23 00:00:00"", ""old"": 21.78097929161434, ""new"": 23.56020397488, ""high_water"": 25.39046048}, {""date"": ""2025-08-08 00:00:00"", ""old"": 24.857588008481578, ""new"": 25.58376, ""high_water"": 32.6335072}, {""date"": ""2025-08-11 00:00:00"", ""old"": 25.58376, ""new"": 27.30071456, ""high_water"": 32.6335072}, {""date"": ""2025-08-12 00:00:00"", ""old"": 27.30071456, ""new"": 27.94883648, ""high_water"": 32.6335072}, {""date"": ""2025-08-27 00:00:00"", ""old"": 27.94883648, ""new"": 28.34680608, ""high_water"": 44.345184}, {""date"": ""2025-09-01 00:00:00"", ""old"": 28.34680608, ""new"": 28.35817664, ""high_water"": 59.02457696}, {""date"": ""2025-09-02 00:00:00"", ""old"": 28.35817664, ""new"": 29.46112096, ""high_water"": 64.9258976}, {""date"": ""2025-09-09 00:00:00"", ""old"": 29.46112096, ""new"": 29.58619712, ""high_water"": 78.55919904}, {""date"": ""2025-09-10 00:00:00"", ""old"": 29.58619712, ""new"": 33.3157408, ""high_water"": 86.416256}, {""date"": ""2025-09-18 00:00:00"", ""old"": 33.3157408, ""new"": 36.64731488, ""high_water"": 95.0578816}, {""date"": ""2025-09-19 00:00:00"", ""old"": 36.64731488, ""new"": 40.3086352, ""high_water"": 104.56366976}, {""date"": ""2025-09-22 00:00:00"", ""old"": 40.3086352, ""new"": 44.345184, ""high_water"": 115.02458496}, {""date"": ""2025-09-23 00:00:00"", ""old"": 44.345184, ""new"": 48.7797024, ""high_water"": 126.53159168}, {""date"": ""2025-10-16 00:00:00"", ""old"": 48.7797024, ""new"": 53.65767264, ""high_water"": 126.53159168}, {""date"": ""2025-10-17 00:00:00"", ""old"": 53.65767264, ""new"": 59.02457696, ""high_water"": 126.53159168}, {""date"": ""2025-10-20 00:00:00"", ""old"": 59.02457696, ""new"": 64.9258976, ""high_water"": 126.53159168}, {""date"": ""2025-10-21 00:00:00"", ""old"": 64.9258976, ""new"": 71.41848736, ""high_water"": 126.53159168}, {""date"": ""2025-10-22 00:00:00"", ""old"": 71.41848736, ""new"": 78.55919904, ""high_water"": 126.53159168}, {""date"": ""2025-10-23 00:00:00"", ""old"": 78.55919904, ""new"": 86.416256, ""high_water"": 126.53159168}, {""date"": ""2025-10-24 00:00:00"", ""old"": 86.416256, ""new"": 91.79453088, ""high_water"": 126.53159168}]","[{""date"": ""2025-07-28 00:00:00"", ""price"": 28.883429085664645, ""shares"": 600.0, ""reason"": ""tp_3.0R"", ""remaining"": 3400.0}, {""date"": ""2025-08-25 00:00:00"", ""price"": 34.218434298436726, ""shares"": 600.0, ""reason"": ""tp_6.0R"", ""remaining"": 4100.0}]"
sh.688256,2025-10-27,1560.78,1560.78,2025-10-29,1435.1996412,100.0,156124.8234,-12601.091869235988,-0.08071164850544829,2,stop,124.86239999999998,0,0,1560.78,1518.0,1.477829866149026,24.604942889745573,1.0671255459953466,[],[]
sh.601020,2025-11-13,50.654144415,50.654144415,2025-11-14,46.5785119553691,1500.0,76004.01098748675,-6134.409019826259,-0.08071164850544828,1,stop,4.052331553199998,0,0,50.654144415,47.02695038,2.1998263943441714,24.285533908117177,0.4739441192093145,[],[]
sh.605255,2025-11-20,133.20355949549997,133.20355949549997,2025-11-21,121.6968821195,500.0,66621.76028167432,-5771.59322031791,-0.08663225342464428,1,stop_gap,10.656284759639988,0,0,133.20355949549997,129.54115432,1.2440421145544915,44.45388073202102,1.9505586583269285,[],[]
sh.605255,2025-12-03,150.62248650645,155.7294361623214,2025-12-08,150.54717526319678,500.0,109043.30849521908,-3659.197536192511,-0.03355728642764857,3,stop,12.049798920515997,1,0,177.39081647,159.71887228,1.5733311313081015,49.283599457613825,1.9030005937549277,"[{""date"": ""2025-12-04 00:00:00"", ""old"": 138.572687585934, ""new"": 150.62248650645, ""high_water"": 177.39081647}]",[]
sh.601020,2026-01-27,53.548666953,53.91530647448,2026-01-30,51.13846703547001,1400.0,113256.11023948694,-5863.580056153325,-0.05177274801116186,3,stop_gap,4.28389335624,1,0,61.1885574,52.55272554,1.6879876611899551,35.10940497835567,0.12718631681831088,"[{""date"": ""2026-01-28 00:00:00"", ""old"": 49.26477359676, ""new"": 53.548666953, ""high_water"": 58.97535426}]",[]
sh.688525,2026-01-15,148.07399999999998,167.6787975,2026-02-03,174.82940379111116,500.0,148995.12313139997,8348.821472976431,0.05603419291525092,13,stop,11.845920000000007,2,1,206.08,138.5,2.0569728727091157,28.16695461987847,0.32368704089251366,"[{""date"": ""2026-01-16 00:00:00"", ""old"": 136.22807999999998, ""new"": 148.07399999999998, ""high_water"": 188.41}, {""date"": ""2026-01-30 00:00:00"", ""old"": 149.6991742003169, ""new"": 157.02, ""high_water"": 206.08}, {""date"": ""2026-02-02 00:00:00"", ""old"": 157.02, ""new"": 173.83, ""high_water"": 206.08}]","[{""date"": ""2026-01-16 00:00:00"", ""price"": 183.51995412000002, ""shares"": 100.0, ""reason"": ""tp_3.0R"", ""remaining"": 400.0}]"
sh.688525,2026-03-09,204.10199999999998,221.66877899999994,2026-03-31,211.29430000000002,300.0,110867.63981684997,-5218.933644999962,-0.04707355233340842,16,stop,16.328159999999997,2,0,261.6,206.08,1.8880983749519642,30.494047041497932,0.5519856862152887,"[{""date"": ""2026-03-16 00:00:00"", ""old"": 187.77383999999998, ""new"": 204.10199999999998, ""high_water"": 238.42}, {""date"": ""2026-03-30 00:00:00"", ""old"": 204.10199999999998, ""new"": 211.4, ""high_water"": 261.6}]",[]
sh.688525,2026-04-15,290.33509499999997,290.33509499999997,2026-04-20,266.9747332563,200.0,58084.439105699996,-4688.090832735372,-0.08071164850544826,3,stop,23.226807599999972,0,0,291.8,261.6,1.341765611385337,28.404384087204345,0.9756301382017579,[],[]
sh.688525,2026-05-07,305.1525,311.272225,2026-05-15,304.99992375,200.0,93409.68200025,-1909.1403681374995,-0.020438356359380284,6,stop,24.412199999999984,1,0,343.18,294.99,1.6353797641534626,37.706551394923004,0.8353406402453631,"[{""date"": ""2026-05-13 00:00:00"", ""old"": 280.7403, ""new"": 305.1525, ""high_water"": 329.9}]",[]
sh.600584,2026-05-21,248.10406171584,273.7751159484,2026-06-11,263.124727822,300.0,136928.62424159225,-5364.662772373302,-0.03917853408727799,15,stop,19.848324937267193,2,0,351.8736364,229.73751856,1.9511170816511005,37.986748144553395,0.097022720915005,"[{""date"": ""2026-05-22 00:00:00"", ""old"": 228.2557367785728, ""new"": 248.10406171584, ""high_water"": 271.19112504}, {""date"": ""2026-06-08 00:00:00"", ""old"": 249.03962556818524, ""new"": 263.256356, ""high_water"": 351.8736364}]",[]
sh.688525,2026-06-18,363.40594616699997,399.3886409882325,2026-06-26,501.10896907555,200.0,159803.3830322116,40627.998158637965,0.25423740967016056,5,end_of_backtest,29.07247569335999,2,0,517.319506,358.86,1.2771416773827524,37.2380968820493,0.7137975138647794,"[{""date"": ""2026-06-22 00:00:00"", ""old"": 334.33347047364, ""new"": 363.40594616699997, ""high_water"": 406.56109958}]",[]
