date,equity,cash,mv,n_positions
2021-01-04,1000000.0,1000000.0,0.0,0
2021-01-05,1000000.0,1000000.0,0.0,0
2021-01-06,1000000.0,1000000.0,0.0,0
2021-01-07,1000000.0,1000000.0,0.0,0
2021-01-08,1000000.0,1000000.0,0.0,0
2021-01-11,1000000.0,1000000.0,0.0,0
2021-01-12,1000000.0,1000000.0,0.0,0
2021-01-13,1000000.0,1000000.0,0.0,0
2021-01-14,1000000.0,1000000.0,0.0,0
2021-01-15,1000000.0,1000000.0,0.0,0
2021-01-18,1000000.0,1000000.0,0.0,0
2021-01-19,1000000.0,1000000.0,0.0,0
2021-01-20,1000000.0,1000000.0,0.0,0
2021-01-21,1000000.0,1000000.0,0.0,0
2021-01-22,1000000.0,1000000.0,0.0,0
2021-01-25,1000000.0,1000000.0,0.0,0
2021-01-26,1000000.0,1000000.0,0.0,0
2021-01-27,1000000.0,1000000.0,0.0,0
2021-01-28,1000000.0,1000000.0,0.0,0
2021-01-29,1000000.0,1000000.0,0.0,0
2021-02-01,1000000.0,1000000.0,0.0,0
2021-02-02,1000000.0,1000000.0,0.0,0
2021-02-03,1000000.0,1000000.0,0.0,0
2021-02-04,1000000.0,1000000.0,0.0,0
2021-02-05,1000000.0,1000000.0,0.0,0
2021-02-08,1000000.0,1000000.0,0.0,0
2021-02-09,1000000.0,1000000.0,0.0,0
2021-02-10,1000000.0,1000000.0,0.0,0
2021-02-18,1000000.0,1000000.0,0.0,0
2021-02-19,1000000.0,1000000.0,0.0,0
2021-02-22,1000000.0,1000000.0,0.0,0
2021-02-23,1000000.0,1000000.0,0.0,0
2021-02-24,1000000.0,1000000.0,0.0,0
2021-02-25,1000000.0,1000000.0,0.0,0
2021-02-26,1000000.0,1000000.0,0.0,0
2021-03-01,1000000.0,1000000.0,0.0,0
2021-03-02,1000000.0,1000000.0,0.0,0
2021-03-03,1000000.0,1000000.0,0.0,0
2021-03-04,1000000.0,1000000.0,0.0,0
2021-03-05,1000000.0,1000000.0,0.0,0
2021-03-08,1000000.0,1000000.0,0.0,0
2021-03-09,1000000.0,1000000.0,0.0,0
2021-03-10,1000000.0,1000000.0,0.0,0
2021-03-11,1000000.0,1000000.0,0.0,0
2021-03-12,1000000.0,1000000.0,0.0,0
2021-03-15,1000000.0,1000000.0,0.0,0
2021-03-16,1000000.0,1000000.0,0.0,0
2021-03-17,1000000.0,1000000.0,0.0,0
2021-03-18,1000000.0,1000000.0,0.0,0
2021-03-19,1000000.0,1000000.0,0.0,0
2021-03-22,1000000.0,1000000.0,0.0,0
2021-03-23,1000000.0,1000000.0,0.0,0
2021-03-24,1000000.0,1000000.0,0.0,0
2021-03-25,1000000.0,1000000.0,0.0,0
2021-03-26,1000000.0,1000000.0,0.0,0
2021-03-29,1000000.0,1000000.0,0.0,0
2021-03-30,1000000.0,1000000.0,0.0,0
2021-03-31,1000000.0,1000000.0,0.0,0
2021-04-01,1000000.0,1000000.0,0.0,0
2021-04-02,1000000.0,1000000.0,0.0,0
2021-04-06,1000000.0,1000000.0,0.0,0
2021-04-07,1000000.0,1000000.0,0.0,0
2021-04-08,1000000.0,1000000.0,0.0,0
2021-04-09,1000000.0,1000000.0,0.0,0
2021-04-12,1000000.0,1000000.0,0.0,0
2021-04-13,1000000.0,1000000.0,0.0,0
2021-04-14,1000000.0,1000000.0,0.0,0
2021-04-15,1000000.0,1000000.0,0.0,0
2021-04-16,1000000.0,1000000.0,0.0,0
2021-04-19,1000000.0,1000000.0,0.0,0
2021-04-20,1000000.0,1000000.0,0.0,0
2021-04-21,1000000.0,1000000.0,0.0,0
2021-04-22,1000000.0,1000000.0,0.0,0
2021-04-23,1000000.0,1000000.0,0.0,0
2021-04-26,1000000.0,1000000.0,0.0,0
2021-04-27,1000000.0,1000000.0,0.0,0
2021-04-28,1000000.0,1000000.0,0.0,0
2021-04-29,1000000.0,1000000.0,0.0,0
2021-04-30,1000000.0,1000000.0,0.0,0
2021-05-06,1000000.0,1000000.0,0.0,0
2021-05-07,1000000.0,1000000.0,0.0,0
2021-05-10,1000000.0,1000000.0,0.0,0
2021-05-11,1000000.0,1000000.0,0.0,0
2021-05-12,1000000.0,1000000.0,0.0,0
2021-05-13,1000000.0,1000000.0,0.0,0
2021-05-14,1000000.0,1000000.0,0.0,0
2021-05-17,1000000.0,1000000.0,0.0,0
2021-05-18,1000000.0,1000000.0,0.0,0
2021-05-19,1000000.0,1000000.0,0.0,0
2021-05-20,1000000.0,1000000.0,0.0,0
2021-05-21,1000000.0,1000000.0,0.0,0
2021-05-24,1000000.0,1000000.0,0.0,0
2021-05-25,1000000.0,1000000.0,0.0,0
2021-05-26,1000000.0,1000000.0,0.0,0
2021-05-27,1000000.0,1000000.0,0.0,0
2021-05-28,1000000.0,1000000.0,0.0,0
2021-05-31,1000000.0,1000000.0,0.0,0
2021-06-01,1000000.0,1000000.0,0.0,0
2021-06-02,1000000.0,1000000.0,0.0,0
2021-06-03,1000000.0,1000000.0,0.0,0
2021-06-04,1000000.0,1000000.0,0.0,0
2021-06-07,1000000.0,1000000.0,0.0,0
2021-06-08,1000000.0,1000000.0,0.0,0
2021-06-09,1000000.0,1000000.0,0.0,0
2021-06-10,1000000.0,1000000.0,0.0,0
2021-06-11,1000000.0,1000000.0,0.0,0
2021-06-15,1000000.0,1000000.0,0.0,0
2021-06-16,1000000.0,1000000.0,0.0,0
2021-06-17,1000000.0,1000000.0,0.0,0
2021-06-18,1000000.0,1000000.0,0.0,0
2021-06-21,1000000.0,1000000.0,0.0,0
2021-06-22,1000000.0,1000000.0,0.0,0
2021-06-23,1000000.0,1000000.0,0.0,0
2021-06-24,1000000.0,1000000.0,0.0,0
2021-06-25,1000000.0,1000000.0,0.0,0
2021-06-28,1000000.0,1000000.0,0.0,0
2021-06-29,1000000.0,1000000.0,0.0,0
2021-06-30,1000000.0,1000000.0,0.0,0
2021-07-01,1000000.0,1000000.0,0.0,0
2021-07-02,1000000.0,1000000.0,0.0,0
2021-07-05,1000000.0,1000000.0,0.0,0
2021-07-06,1006553.75080736,607101.4210853601,399452.329722,2
2021-07-07,1007731.8891485765,266346.79382857645,741385.0953200001,4
2021-07-08,992683.287233572,147629.12606757207,845054.161166,5
2021-07-09,994928.8401887511,346091.1061817511,648837.734007,4
2021-07-12,1016412.666834757,292795.569238757,723617.097596,5
2021-07-13,1007851.1170960993,377144.7980200993,630706.319076,5
2021-07-14,984026.2136042984,453449.85174629843,530576.361858,4
2021-07-15,993169.1088928273,502134.1084758273,491035.00041700003,3
2021-07-16,968041.5973305488,534583.2684455487,433458.328885,3
2021-07-19,958729.5538332788,325290.9017782789,633438.652055,4
2021-07-20,959131.0435549672,133556.1164879672,825574.927067,5
2021-07-21,978739.7234987973,167172.41369679727,811567.309802,5
2021-07-22,988511.8383236225,204399.11149562243,784112.726828,5
2021-07-23,980962.11325868,259954.96689168,721007.146367,5
2021-07-26,972265.06582268,259954.96689168,712310.098931,5
2021-07-27,951949.0239557701,408428.33033176995,543520.6936240001,4
2021-07-28,948771.3711991906,339939.7325871906,608831.638612,4
2021-07-29,976993.243641205,240131.21084120497,736862.0328,5
2021-07-30,1004770.9691944186,156610.44842241865,848160.520772,5
2021-08-02,1025693.180501872,440251.30030587193,585441.880196,5
2021-08-03,1015794.0845815813,400469.5520455813,615324.532536,5
2021-08-04,1023303.3716521993,371589.9135221994,651713.4581299999,5
2021-08-05,1013357.7152391993,371589.9135221994,641767.801717,5
2021-08-06,1010037.3462754891,255805.92706548914,754231.41921,5
2021-08-09,997901.896452516,263043.035567516,734858.860885,5
2021-08-10,998456.3088503272,222390.1302853272,776066.178565,5
2021-08-11,1015904.3169115951,192610.53447659503,823293.7824350001,5
2021-08-12,982444.4034913696,136818.66112136957,845625.74237,5
2021-08-13,994906.3566531437,188221.73198514356,806684.624668,5
2021-08-16,993648.4475687516,229600.45558575174,764047.991983,5
2021-08-17,996243.7910612677,182867.78663126778,813376.00443,5
2021-08-18,1027232.2632469891,247061.20415998908,780171.059087,5
2021-08-19,1027908.8647973126,424025.2830263126,603883.581771,5
2021-08-20,1038829.2588469181,427496.64768091805,611332.611166,5
2021-08-23,1071625.4808466411,574227.0745066411,497398.40634,5
2021-08-24,1082678.5396725773,651394.0627965772,431284.476876,5
2021-08-25,1086462.2698979299,384712.46562292986,701749.804275,5
2021-08-26,1090743.5878554694,386128.86309746944,704614.724758,5
2021-08-27,1098914.4602574694,386128.86309746944,712785.59716,5
2021-08-30,1107262.3593321643,462645.21547616425,644617.1438559999,5
2021-08-31,1142449.746775283,427207.7188862831,715242.027889,5
2021-09-01,1154406.8417466346,493812.9791346346,660593.862612,5
2021-09-02,1181285.741644182,474349.20752718206,706936.534117,5
2021-09-03,1152840.2142954837,382406.1957124837,770434.018583,5
2021-09-06,1159829.396577063,371819.7009080629,788009.695669,5
2021-09-07,1168917.8510176362,399535.23581663636,769382.615201,5
2021-09-08,1178707.8809666364,399535.23581663636,779172.64515,5
2021-09-09,1192376.794721011,413368.64120101114,779008.15352,5
2021-09-10,1160228.666155513,390569.048463513,769659.617692,4
2021-09-13,1210473.2118189451,393747.3367209451,816725.875098,4
2021-09-14,1186857.0515342169,455922.97544321674,730934.076091,4
2021-09-15,1192507.7790051308,541492.8023421308,651014.976663,4
2021-09-16,1165674.1700198483,627078.2577878482,538595.912232,3
2021-09-17,1155930.4301096401,616071.1961696403,539859.23394,3
2021-09-22,1156190.3286761506,602358.2751761505,553832.0535,3
2021-09-23,1163937.1943531136,522039.4381911136,641897.756162,4
2021-09-24,1129278.9084883702,255774.7158943703,873504.192594,5
2021-09-27,1104005.1784775048,592776.8399735049,511228.338504,3
2021-09-28,1103728.0497651156,360892.8101331157,742835.239632,4
2021-09-29,1096202.0816931722,363759.51649317227,732442.5652,4
2021-09-30,1089709.4110682346,146040.47764523476,943668.9334229999,5
2021-10-08,1060165.3395841732,134845.76433017326,925319.575254,5
2021-10-11,1044044.9751673002,63792.35179630027,980252.6233709999,5
2021-10-12,1019232.5410065842,465091.00216658413,554141.53884,3
2021-10-13,1005178.5159368602,614582.8879718602,390595.627965,2
2021-10-14,996399.0762828711,425473.2566008711,570925.819682,3
2021-10-15,1000185.7640940055,626306.2226040055,373879.54149,2
2021-10-18,988485.9855657878,608511.2899497878,379974.695616,2
2021-10-19,982572.3976770702,422314.17550307023,560258.222174,3
2021-10-20,983899.1104209578,229830.9303729578,754068.180048,4
2021-10-21,976647.8355727048,125656.89886270471,850990.93671,5
2021-10-22,985511.1657886484,121006.45603464835,864504.7097540001,5
2021-10-25,1012222.0674576701,142833.31396567007,869388.753492,5
2021-10-26,1004105.2369753958,182125.66851639582,821979.568459,5
2021-10-27,1014322.4782471948,184515.2145591947,829807.263688,5
2021-10-28,995561.1771781947,184515.2145591947,811045.962619,5
2021-10-29,1011167.2874196162,208899.5415266162,802267.745893,5
2021-11-01,1017498.7218427429,259093.5461327429,758405.17571,5
2021-11-02,1013837.3336437428,259093.5461327429,754743.787511,5
2021-11-03,1007596.2312440956,189750.6617830955,817845.569461,5
2021-11-04,1018333.0573750355,337471.10146903555,680861.955906,5
2021-11-05,1005367.6357542458,208365.36772624575,797002.268028,5
2021-11-08,1010362.645310726,180324.13307772603,830038.512233,5
2021-11-09,1006496.9221364583,266187.7001314584,740309.222005,5
2021-11-10,1000504.1181732891,126476.25424128928,874027.8639319999,5
2021-11-11,1018350.9883641893,246354.46353018933,771996.5248339999,5
2021-11-12,1030976.7956054152,306889.50739041524,724087.288215,5
2021-11-15,1005992.4701154153,306889.50739041524,699102.962725,5
2021-11-16,993542.0337000091,328998.70740400907,664543.326296,4
2021-11-17,983405.1275940652,310608.74992206524,672796.377672,4
2021-11-18,978379.5157785527,123095.46847055276,855284.047308,5
2021-11-19,977318.2323654228,187590.17600642276,789728.056359,5
2021-11-22,989152.6994276996,269839.87830169953,719312.821126,5
2021-11-23,967407.5020707503,213874.85102975034,753532.651041,5
2021-11-24,958128.3388654101,201336.7131384101,756791.625727,5
2021-11-25,944047.1270306897,197596.16648468975,746450.9605459999,5
2021-11-26,944021.8954419732,417412.4021289733,526609.493313,4
2021-11-29,939454.4858628439,496186.650543844,443267.835319,3
2021-11-30,929366.8685308291,231783.4720168291,697583.396514,4
2021-12-01,930138.5153349987,368674.7292369989,561463.7860979999,3
2021-12-02,939351.9520079708,396467.63173797075,542884.32027,3
2021-12-03,941640.997284806,25811.87583780606,915829.121447,5
2021-12-06,928980.4037855675,27415.860105567466,901564.54368,5
2021-12-07,897583.7097410233,381770.0470650232,515813.66267600004,3
2021-12-08,908465.4174677972,617309.0996517972,291156.31781599997,2
2021-12-09,914931.3920525095,260712.52131650943,654218.870736,4
2021-12-10,891813.7182363431,202093.09358834315,689720.624648,4
2021-12-13,889982.1744165785,68619.39183557851,821362.782581,5
2021-12-14,877058.5633835017,175731.6703955017,701326.8929880001,4
2021-12-15,901054.731207169,9741.434984169115,891313.2962229999,5
2021-12-16,910810.1981232958,60613.76860729582,850196.429516,5
2021-12-17,911419.9201651205,122689.41954512059,788730.50062,5
2021-12-20,886939.2199329966,118997.87308799653,767941.346845,5
2021-12-21,889227.5003263499,142994.5401793498,746232.960147,5
2021-12-22,887253.5513043498,142994.5401793498,744259.011125,5
2021-12-23,908526.1692551028,137155.10456410283,771371.0646909999,5
2021-12-24,894641.191383539,74572.06251753902,820069.128866,5
2021-12-27,888120.9944923916,199750.9954043916,688369.999088,5
2021-12-28,868544.0612218766,195489.8284058766,673054.232816,5
2021-12-29,853954.8323943239,533663.3417183239,320291.490676,2
2021-12-30,852418.579865165,553219.867191165,299198.712674,2
2021-12-31,858788.3561882576,393455.89332325757,465332.462865,3
2022-01-04,862221.7312998753,147072.8537358753,715148.877564,5
2022-01-05,870517.3027309407,140189.4096099407,730327.893121,5
2022-01-06,856632.7492540005,293385.1503840005,563247.59887,4
2022-01-07,866910.7255708573,236192.37231285736,630718.353258,4
2022-01-10,871864.3558142297,229211.9347222296,642652.4210920001,4
2022-01-11,866271.6867186347,247205.29457063475,619066.392148,4
2022-01-12,857272.9160038786,225906.1993118785,631366.716692,4
2022-01-13,855239.6765407042,56242.463117704145,798997.2134230001,5
2022-01-14,826201.2695723759,80522.84894937591,745678.420623,5
2022-01-17,830265.579653776,51920.04696377594,778345.53269,5
2022-01-18,844233.1591835502,108707.65376855014,735525.505415,5
2022-01-19,843334.5825180927,73389.68429909277,769944.898219,5
2022-01-20,849329.5014104076,170591.72151540767,678737.7798949999,5
2022-01-21,852077.7646784078,240048.85775840786,612028.90692,5
2022-01-24,850923.7602431529,247411.5730851529,603512.187158,5
2022-01-25,833149.9418205029,350687.83302350284,482462.108797,4
2022-01-26,821973.5582517951,431757.4509557952,390216.107296,3
2022-01-27,811944.1705546002,517420.04842260014,294524.12213200005,2
2022-01-28,810618.0302468835,325372.57995888346,485245.45028800005,3
2022-02-07,827882.7106990671,163607.25690606714,664275.453793,4
2022-02-08,846264.568702939,3309.02252393894,842955.546179,5
2022-02-09,844364.4916921301,172910.10050913002,671454.391183,5
2022-02-10,858460.7888929938,114944.51776899383,743516.271124,5
2022-02-11,848022.4758470531,173362.18202305303,674660.293824,5
2022-02-14,828671.730508066,271345.191534066,557326.538974,4
2022-02-15,800060.2077165276,278978.3753965277,521081.83232,4
2022-02-16,805704.2938498687,109552.1518578686,696152.141992,5
2022-02-17,796946.9943949201,97368.73634892,699578.258046,5
2022-02-18,813671.3285757535,168291.1565777535,645380.171998,4
2022-02-21,813931.4054802369,60605.884274237,753325.5212059999,5
2022-02-22,806965.9845525781,55285.472713578056,751680.511839,5
2022-02-23,794134.5401824743,182477.0809284743,611657.459254,4
2022-02-24,793970.6201883487,65832.2233753487,728138.396813,5
2022-02-25,771029.4367976415,368868.9224516414,402160.51434600004,3
2022-02-28,777520.5747258491,364303.3128728491,413217.26185300003,3
2022-03-01,791037.7259738025,262156.9789408025,528880.747033,4
2022-03-02,789418.7717876348,146134.52153563473,643284.250252,5
2022-03-03,765742.8758292249,98125.66595722488,667617.209872,5
2022-03-04,749375.2775001382,36648.14320313808,712727.134297,5
2022-03-07,758526.5290546613,32194.9613076612,726331.567747,5
2022-03-08,745259.3162734135,182544.54410541346,562714.772168,4
2022-03-09,728380.4896207857,179512.5674687857,548867.922152,4
2022-03-10,721320.3805297698,319217.63509176986,402102.74543799995,3
2022-03-11,712324.3913018792,333867.4418758792,378456.949426,3
2022-03-14,707689.3006147271,227571.06265272707,480118.237962,4
2022-03-15,682989.9497748462,319447.2224458462,363542.727329,3
2022-03-16,694543.7608333274,361138.44783332746,333405.313,3
2022-03-17,694303.0503381183,459779.47144011833,234523.578898,3
2022-03-18,690923.6516842546,409226.96009225457,281696.691592,3
2022-03-21,689479.9897431202,189357.87107312016,500122.11867,5
2022-03-22,672534.7729716264,198402.98527962642,474131.787692,5
2022-03-23,663124.8057247263,215303.81204372627,447820.99368099996,5
2022-03-24,677491.7337885574,240244.77021455733,437246.963574,4
2022-03-25,674865.0589971462,105913.72383314624,568951.3351639999,5
2022-03-28,675284.857769252,61176.486017252144,614108.371752,5
2022-03-29,677948.0849597413,58154.81811774138,619793.266842,5
2022-03-30,673665.3957324313,103451.67165343137,570213.724079,5
2022-03-31,681367.9896265256,77389.38671452552,603978.602912,5
2022-04-01,685711.0620655256,77389.38671452552,608321.675351,5
2022-04-06,689049.3050365255,77389.38671452552,611659.918322,5
2022-04-07,681419.6668890243,35147.42526402432,646272.241625,5
2022-04-08,701268.2742150255,197410.83766302548,503857.436552,4
2022-04-11,699615.7670694545,59549.631308454525,640066.135761,5
2022-04-12,711371.9601677759,106136.03441077586,605235.925757,5
2022-04-13,695420.8912046705,84772.67379767055,610648.217407,5
2022-04-14,687295.5928951266,60950.7072781265,626344.885617,5
2022-04-15,669883.4957111023,148134.74047210225,521748.755239,4
2022-04-18,661199.6485759987,262218.7913999987,398980.857176,3
2022-04-19,661997.4729758156,268911.37723381567,393086.09574200003,3
2022-04-20,647566.3526001847,134135.38964218477,513430.962958,4
2022-04-21,642821.8270527755,131181.9420157756,511639.88503699994,4
2022-04-22,671302.2864108687,120647.8259758687,550654.460435,5
2022-04-25,649180.0290399569,135778.78510095685,513401.243939,5
2022-04-26,637648.3093775674,94809.32590356743,542838.983474,5
2022-04-27,636732.2715209385,143561.97215493844,493170.29936600005,4
2022-04-28,644344.1507435244,163992.24058952442,480351.910154,4
2022-04-29,643825.281428878,403008.44016687793,240816.84126200003,2
2022-05-05,637152.6045953627,268364.45791936264,368788.146676,3
2022-05-06,626291.9387498822,288102.68177188217,338189.256978,3
2022-05-09,625695.2403252235,291828.35347922356,333866.886846,3
2022-05-10,636945.1041237791,144881.53328677907,492063.57083700004,5
2022-05-11,627619.5078442283,145412.0659452284,482207.44189899997,5
2022-05-12,622145.8295480664,103174.32555006638,518971.50399799994,5
2022-05-13,624131.5491938518,348783.16685185174,275348.382342,3
2022-05-16,628034.1429192199,224361.7452222199,403672.397697,4
2022-05-17,621867.6350672198,224361.7452222199,397505.889845,4
2022-05-18,617436.0613741204,103754.67675312042,513681.38462100003,5
2022-05-19,621399.4175398566,99991.11949185666,521408.29804799997,5
2022-05-20,629219.8620804935,136974.10166249343,492245.760418,5
2022-05-23,629836.3468170802,220784.2265470801,409052.12027,5
2022-05-24,617498.0742533247,178161.81728732458,439336.256966,5
2022-05-25,624838.0882959745,199071.4843349745,425766.603961,5
2022-05-26,628803.1634599746,199071.4843349745,429731.679125,5
2022-05-27,636100.1470079746,199071.4843349745,437028.662673,5
2022-05-30,632752.3643007714,240612.9320767714,392139.432224,5
2022-05-31,637630.2829047714,240612.9320767714,397017.350828,5
2022-06-01,635592.6634097714,240612.9320767714,394979.731333,5
2022-06-02,634110.5972597713,240612.9320767714,393497.665183,5
2022-06-06,639034.18261774,203107.05228074006,435927.130337,5
2022-06-07,650844.5511467401,203107.05228074006,447737.498866,5
2022-06-08,658711.51261374,203107.05228074006,455604.460333,5
2022-06-09,661584.25108374,203107.05228074006,458477.19880300004,5
2022-06-10,670451.82565374,203107.05228074006,467344.773373,5
2022-06-13,663303.19854374,203107.05228074006,460196.146263,5
2022-06-14,665031.2370385204,137550.85810752038,527480.378931,5
2022-06-15,651694.7544835547,121483.33709255475,530211.417391,5
2022-06-16,650988.6766310107,117099.51362501072,533889.163006,5
2022-06-17,658428.5034003494,111681.02614434935,546747.477256,5
2022-06-20,659749.6142583557,138042.76357035578,521706.850688,5
2022-06-21,655086.3839843557,138042.76357035578,517043.620414,5
2022-06-22,654639.1902583558,138042.76357035578,516596.426688,5
2022-06-23,655891.5464423557,138042.76357035578,517848.782872,5
2022-06-24,661404.7545263558,138042.76357035578,523361.990956,5
2022-06-27,668942.7888923557,138042.76357035578,530900.025322,5
2022-06-28,685754.1415448753,71076.39417287536,614677.747372,5
2022-06-29,665174.7248489768,45009.56956297689,620165.155286,5
2022-06-30,688066.9346969768,45009.56956297689,643057.365134,5
2022-07-01,679510.4767169087,31481.6853459087,648028.791371,5
2022-07-04,693096.7640623297,31421.295587329718,661675.468475,5
2022-07-05,677994.7802617063,23171.423718706414,654823.356543,5
2022-07-06,663811.9974823189,192060.88868531885,471751.108797,4
2022-07-07,669483.3982789087,71320.0954669087,598163.302812,5
2022-07-08,674958.3262409143,92010.80328391431,582947.522957,5
2022-07-11,670707.8090180771,252781.97433107707,417925.834687,4
2022-07-12,672596.7986445294,331853.22077652946,340743.577868,4
2022-07-13,677371.9827354501,317300.5556054501,360071.42712999997,4
2022-07-14,664479.2634813138,264539.80612731376,399939.457354,4
2022-07-15,651385.7705941584,141008.0633111584,510377.707283,5
2022-07-18,653130.019179635,164011.240401635,489118.77877800004,5
2022-07-19,651377.8361403039,166703.19413230394,484674.642008,5
2022-07-20,642469.8593714847,135526.26665148465,506943.59272,5
2022-07-21,630850.1682821863,263771.03090518626,367079.137377,4
2022-07-22,619944.8830101016,261929.91477510167,358014.968235,4
2022-07-25,611308.5988418767,323769.2171638767,287539.38167800003,3
2022-07-26,617833.2115076067,222456.47660560667,395376.734902,4
2022-07-27,617009.472148666,108992.66365166607,508016.808497,5
2022-07-28,621335.6025648352,109858.41384983521,511477.188715,5
2022-07-29,615638.6359218352,109858.41384983521,505780.222072,5
2022-08-01,620086.0602995434,107156.05686654338,512930.003433,5
2022-08-02,610511.6636933156,179596.11723231562,430915.546461,4
2022-08-03,595713.425435252,280754.89691025205,314958.528525,3
2022-08-04,596132.4891573198,166826.1543113198,429306.33484599995,4
2022-08-05,606370.9313879597,56898.184111959796,549472.747276,5
2022-08-08,609715.3233447724,125134.13358977239,484581.189755,5
2022-08-09,612611.5206147723,125134.13358977239,487477.387025,5
2022-08-10,604490.3789257724,125134.13358977239,479356.245336,5
2022-08-11,618549.1944403417,161649.45590034168,456899.73854,5
2022-08-12,617208.7415863418,161649.45590034168,455559.285686,5
2022-08-15,615954.7266223417,161649.45590034168,454305.270722,5
2022-08-16,618177.7000463074,108943.33802130737,509234.362025,5
2022-08-17,625735.0721813163,179972.37873731638,445762.693444,5
2022-08-18,622809.7804673164,179972.37873731638,442837.40173000004,5
2022-08-19,627516.983573787,264531.915147787,362985.068426,5
2022-08-22,629662.6219474107,234503.2658734108,395159.356074,5
2022-08-23,623049.4418792424,230167.37910624244,392882.062773,5
2022-08-24,610564.1807995164,222439.81950051634,388124.361299,5
2022-08-25,607905.1508210948,176678.8428070947,431226.308014,5
2022-08-26,593058.6162104993,147865.35801349924,445193.258197,5
2022-08-29,592716.5436668082,261869.2273248082,330847.316342,4
2022-08-30,582722.9489994645,165264.98008846454,417457.968911,5
2022-08-31,575948.0573764645,165264.98008846454,410683.077288,5
2022-09-01,572566.1387570025,214202.01057900253,358364.128178,4
2022-09-02,571095.9134367115,213092.1160267116,358003.79741,4
2022-09-05,578355.7571202468,142247.98706224683,436107.770058,4
2022-09-06,588001.8940100397,137676.94720203982,450324.946808,5
2022-09-07,588224.2083997297,135255.4185107297,452968.789889,5
2022-09-08,588270.4165382861,166569.13053028611,421701.286008,5
2022-09-09,592028.2601822861,166569.13053028611,425459.12965200003,5
2022-09-13,585442.3576238465,127929.96382284646,457512.393801,5
2022-09-14,587818.6036863313,137305.02759833133,450513.576088,5
2022-09-15,572448.9641873984,93370.11804939844,479078.846138,5
2022-09-16,556869.2437422622,102196.92902426218,454672.314718,5
2022-09-19,554693.3373029605,152140.52777296043,402552.80952999997,4
2022-09-20,545592.7631405755,245771.16625257558,299821.596888,3
2022-09-21,552614.2925817841,143948.37476178404,408665.91782,4
2022-09-22,550869.1073795992,227714.66629659926,323154.44108300004,3
2022-09-23,551375.150460476,120571.77749147602,430803.372969,4
2022-09-26,541000.4295031662,155314.63242616618,385685.797077,4
2022-09-27,554708.5500816712,253619.39545167127,301089.15463,3
2022-09-28,547829.1394193663,43462.24022836624,504366.899191,5
2022-09-29,541658.6831822658,39289.664179265834,502369.019003,5
2022-09-30,548163.9301039452,114801.19133794519,433362.73876599997,5
2022-10-10,552587.6108399931,103023.19547499306,449564.415365,5
2022-10-11,540084.8006971675,73824.96663616753,466259.834061,5
2022-10-12,543035.3962220082,44395.30774400818,498640.08847799996,5
2022-10-13,551866.8950860234,109896.19036802331,441970.704718,4
2022-10-14,554528.3580195289,196371.14174052898,358157.216279,4
2022-10-17,562308.6236060075,221607.5275550075,340701.096051,4
2022-10-18,556320.4075876226,114188.9028766226,442131.504711,5
2022-10-19,549869.8529118076,109245.98265780757,440623.870254,5
2022-10-20,548536.3146193279,110111.62399432785,438424.690625,5
2022-10-21,554673.9676157605,126491.30291376053,428182.664702,5
2022-10-24,548767.7102937605,126491.30291376053,422276.40738,5
2022-10-25,540323.1712525034,153114.29186350337,387208.879389,5
2022-10-26,546347.3632775034,153114.29186350337,393233.071414,5
2022-10-27,552737.6362276855,196809.87341568543,355927.762812,4
2022-10-28,539936.4733943843,88173.12149838427,451763.351896,5
2022-10-31,550312.7969628845,108402.12275488442,441910.674208,5
2022-11-01,554115.4179711099,189291.07619310988,364824.341778,4
2022-11-02,565836.2016764905,22623.160200490544,543213.041476,5
2022-11-03,557495.2593679816,25777.450791981682,531717.8085759999,5
2022-11-04,553416.6241154802,55666.793550480215,497749.830565,5
2022-11-07,546745.5395411522,83959.50548615221,462786.034055,5
2022-11-08,551035.2010923792,79853.04150937921,471182.159583,5
2022-11-09,546669.8052543792,79853.04150937921,466816.763745,5
2022-11-10,543083.3059379396,77435.6179579395,465647.68798000005,5
2022-11-11,541470.2508804903,72862.58924149023,468607.661639,5
2022-11-14,534476.9286793706,179926.57914137057,354550.349538,4
2022-11-15,545935.2133191779,52623.9862461779,493311.227073,5
2022-11-16,543878.6686384404,58394.26431044041,485484.404328,5
2022-11-17,548733.7423401645,57147.36866816443,491586.373672,5
2022-11-18,544417.0923076265,93386.57788462646,451030.514423,5
2022-11-21,538220.9770985295,95707.18722052939,442513.78987800004,5
2022-11-22,534670.9807933398,237313.30939133978,297357.671402,4
2022-11-23,533016.4444806414,152189.36879464143,380827.075686,4
2022-11-24,526455.1840822549,149338.86710825487,377116.316974,4
2022-11-25,534843.1428363224,12226.839810322388,522616.30302600004,5
2022-11-28,531149.2235801582,15820.638274158206,515328.58530599996,5
2022-11-29,538707.1446282452,51282.023254245156,487425.121374,5
2022-11-30,535533.6212022451,51282.023254245156,484251.597948,5
2022-12-01,540854.748284318,16918.857623318036,523935.890661,5
2022-12-02,540756.3916830719,53871.266916071894,486885.124767,5
2022-12-05,562057.3614968779,125426.21414287786,436631.147354,5
2022-12-06,554501.3666312444,188465.10358224442,366036.263049,4
2022-12-07,550617.6381437783,80484.96620377834,470132.67194000003,5
2022-12-08,537531.2517868404,323376.95573684043,214154.29605,2
2022-12-09,532773.8002304758,215340.9937764759,317432.80645399995,3
2022-12-12,532928.008158922,10993.154473921953,521934.85368500004,5
2022-12-13,538165.2864976339,8140.198758633953,530025.087739,5
2022-12-14,541131.0073676339,8140.198758633953,532990.8086089999,5
2022-12-15,531001.2208071377,16886.011179137597,514115.20962800004,5
2022-12-16,536493.9459231376,16886.011179137597,519607.93474399997,5
2022-12-19,523967.1853907646,25011.178002764587,498956.007388,5
2022-12-20,510769.1106028487,110384.44957984866,400384.661023,4
2022-12-21,513062.0255622476,98133.69244424757,414928.333118,4
2022-12-22,513979.27608325693,2304.2957652569603,511674.98031799996,5
2022-12-23,515414.96879940655,2371.709066406547,513043.259733,5
2022-12-26,518164.4444865902,36341.125782590236,481823.318704,5
2022-12-27,507884.4397249945,33703.080704994485,474181.35902,5
2022-12-28,499818.60751054983,2437.9515145498735,497380.655996,5
2022-12-29,490336.878721687,30653.06402568701,459683.814696,5
2022-12-30,490956.79049247975,37266.21268847975,453690.577804,5
2023-01-03,480379.2429033664,215989.8043173664,264389.438586,3
2023-01-04,479941.3802635233,215710.05583752328,264231.324426,3
2023-01-05,487634.6739820192,297408.1560790192,190226.517903,2
2023-01-06,484361.7348694806,111520.00958448056,372841.72528500005,4
2023-01-09,480579.757259455,38847.98763445497,441731.769625,5
2023-01-10,480012.0249213277,35908.634579327714,444103.390342,5
2023-01-11,478592.147299701,28430.40310770097,450161.744192,5
2023-01-12,488566.77864342474,47936.60775942469,440630.170884,5
2023-01-13,491646.14948274044,72926.86145974042,418719.288023,5
2023-01-16,494895.0923330261,132436.95550502613,362458.136828,5
2023-01-17,498372.6689164119,81891.60486041191,416481.064056,5
2023-01-18,497491.4810864119,81891.60486041191,415599.876226,5
2023-01-19,501747.19189653633,89492.09115053632,412255.100746,5
2023-01-20,514361.207392239,95985.20984623898,418375.997546,5
2023-01-30,517494.38353198883,204214.3987339888,313279.984798,5
2023-01-31,515421.31181924825,152930.92317624824,362490.388643,5
2023-02-01,525151.4256452483,152930.92317624824,372220.502469,5
2023-02-02,519892.4873841904,101400.71491319039,418491.772471,5
2023-02-03,513214.9521567998,152865.83913979982,360349.11301699997,4
2023-02-06,509688.63362685795,73054.81625485793,436633.817372,5
2023-02-07,514862.66152200504,165086.52923100506,349776.132291,4
2023-02-08,510556.0702868892,93362.35223888923,417193.718048,5
2023-02-09,519999.89414219285,151280.10924419283,368719.784898,4
2023-02-10,526559.0660269172,160747.05503491714,365812.010992,4
2023-02-13,531265.7255380853,121358.82846508537,409906.897073,5
2023-02-14,532424.1794449071,90850.18745090715,441573.991994,5
2023-02-15,536315.4892037968,87329.60980479683,448985.879399,5
2023-02-16,533339.4241654825,105014.12655648252,428325.297609,5
2023-02-17,521042.14941844,210642.65476244,310399.494656,4
2023-02-20,539248.7516070721,168470.39672307216,370778.354884,4
2023-02-21,545522.2026003486,59902.23846534864,485619.96413499996,5
2023-02-22,549784.3276516944,89965.4113576944,459818.916294,5
2023-02-23,548915.9749813154,123995.11580731542,424920.859174,5
2023-02-24,547049.1783351137,89119.51289911366,457929.665436,5
2023-02-27,553949.0888631137,89119.51289911366,464829.575964,5
2023-02-28,554123.6946551137,89119.51289911366,465004.18175600003,5
2023-03-01,559740.5035351136,89119.51289911366,470620.990636,5
2023-03-02,561400.1889090602,126222.81755506017,435177.371354,5
2023-03-03,577595.9627007501,155885.2109817501,421710.751719,4
2023-03-06,578323.8683571791,269598.54814517905,308725.32021200005,3
2023-03-07,585640.3540966783,311336.91206467827,274303.442032,3
2023-03-08,585031.8324308118,310906.49049081176,274125.34194,3
2023-03-09,583581.2680727583,315050.2836607583,268530.984412,3
2023-03-10,573735.8271286944,217807.65064169432,355928.176487,4
2023-03-13,581714.4711661523,214970.18452515232,366744.286641,4
2023-03-14,580891.8572866417,196523.0751956417,384368.782091,4
2023-03-15,581230.0170435177,203832.43784751766,377397.579196,4
2023-03-16,578998.8865101153,188051.07890011536,390947.80761,4
2023-03-17,580759.4927381203,109292.41419612028,471467.07854200003,5
2023-03-20,563963.1324106832,157171.3411066832,406791.791304,5
2023-03-21,560343.5237034624,247929.1977064624,312414.325997,4
2023-03-22,570132.7451006398,175020.36592363974,395112.379177,5
2023-03-23,575466.7530743056,210629.3168583056,364837.436216,5
2023-03-24,578296.5124434036,230304.69947540355,347991.812968,3
2023-03-27,586847.044187967,385234.8514329669,201612.19275500003,2
2023-03-28,575232.9366896455,297132.18868964555,278100.748,3
2023-03-29,565761.7290570842,379090.2059970842,186671.52305999998,2
2023-03-30,573701.7873638344,271657.15874083445,302044.628623,3
2023-03-31,583973.1922845801,194349.11320058012,389624.07908399997,4
2023-04-03,592584.1817491989,78498.61491219893,514085.56683699996,5
2023-04-04,597888.714302307,103614.30179630694,494274.412506,5
2023-04-06,590737.3674465951,105026.62555759505,485710.741889,5
2023-04-07,585992.9347878171,68635.72600781705,517357.20878,5
2023-04-10,583703.2031177658,89755.85602776583,493947.34709,5
2023-04-11,587094.2814895589,61247.25512055885,525847.026369,5
2023-04-12,590130.4528636844,131100.84675068443,459029.606113,5
2023-04-13,592335.1851940197,159271.66920901972,433063.515985,5
2023-04-14,588011.1223929711,118946.97922497102,469064.14316800004,5
2023-04-17,591013.551094971,118946.97922497102,472066.57187,5
2023-04-18,583300.3985273321,251640.62703233212,331659.771495,3
2023-04-19,583887.0672557156,251888.25436471563,331998.812891,3
2023-04-20,592394.7883740417,17609.23723704173,574785.551137,5
2023-04-21,585343.898644631,104574.93384163105,480768.964803,5
2023-04-24,583158.5311962072,121273.37196420711,461885.159232,5
2023-04-25,588726.9733158048,152016.69143980488,436710.281876,4
2023-04-26,586590.3019704784,34453.04324747826,552137.2587230001,5
2023-04-27,585656.8716910107,29048.27187401071,556608.599817,5
2023-04-28,594354.6206439172,35900.26717991725,558454.353464,5
2023-05-04,623681.7233569403,204629.44802794023,419052.275329,5
2023-05-05,626600.8115567248,259022.6375357249,367578.174021,5
2023-05-08,643988.7077247262,343237.54703872616,300751.160686,3
2023-05-09,645366.7625066569,241976.2878066569,403390.4747,4
2023-05-10,624969.0170053432,115685.9956943432,509283.021311,5
2023-05-11,619256.4284109845,74815.1918469844,544441.236564,5
2023-05-12,618079.3494904197,110612.70347241971,507466.64601799997,5
2023-05-15,604625.288135522,317028.85006852204,287596.438067,3
2023-05-16,598702.5910697356,218802.70152973552,379899.88954,4
2023-05-17,598826.6385493174,213787.7007553173,385038.937794,4
2023-05-18,594817.732773188,115468.37970218802,479349.353071,5
2023-05-19,580272.3250645003,206024.0100925003,374248.314972,4
2023-05-22,583175.0787494807,159197.24879148073,423977.829958,4
2023-05-23,567240.1512910472,255116.6272100472,312123.524081,3
2023-05-24,563839.2057628701,238334.14329687017,325505.062466,3
2023-05-25,559371.2958807328,129663.0860417328,429708.209839,4
2023-05-26,574679.3078314102,21971.501138410138,552707.806693,5
2023-05-29,581081.6030265993,40335.33595559918,540746.2670710001,5
2023-05-30,580037.9463222645,219056.74115226453,360981.20517,4
2023-05-31,580045.6711164345,170819.32266243448,409226.348454,5
2023-06-01,568142.4630577143,105693.8565527142,462448.60650500003,5
2023-06-02,565308.4366764118,102791.50275741176,462516.93391900003,5
2023-06-05,570312.961444308,242015.3684513081,328297.592993,4
2023-06-06,561857.3809898287,172632.86964582873,389224.511344,4
2023-06-07,556577.4701253563,163685.19913235636,392892.270993,4
2023-06-08,547469.9615568292,51766.7613528292,495703.200204,5
2023-06-09,557956.5045189074,89539.61426190738,468416.890257,5
2023-06-12,546606.7881257682,70039.84654376816,476566.941582,5
2023-06-13,551557.9418307036,68014.36171370366,483543.580117,5
2023-06-14,554257.7815240433,137820.65839204326,416437.123132,5
2023-06-15,553646.2466838907,152028.6306618907,401617.616022,5
2023-06-16,571812.9535313782,137965.87671137822,433847.07681999996,5
2023-06-19,595894.4985586376,180754.19456463755,415140.303994,5
2023-06-20,594875.6493643954,175709.68189339538,419165.96747100004,5
2023-06-21,584932.9225903954,175709.68189339538,409223.240697,5
2023-06-26,567280.1813069369,212580.89716593688,354699.284141,4
2023-06-27,580068.0693746617,56806.66912366162,523261.400251,5
2023-06-28,571944.8944955003,219612.9512675003,352331.94322799996,4
2023-06-29,567500.9978811876,95552.08864118761,471948.90923999995,5
2023-06-30,567933.6166410526,91398.87287705264,476534.743764,5
2023-07-03,569706.8452930799,124048.96692507992,445657.878368,5
2023-07-04,571401.50167908,124048.96692507992,447352.534754,5
2023-07-05,561090.6958225912,162378.05491259127,398712.64090999996,5
2023-07-06,560522.6645367618,161816.6136267619,398706.05091,5
2023-07-07,556515.2062413133,134076.57022131328,422438.63602,5
2023-07-10,563108.618897099,143072.81942509912,420035.799472,5
2023-07-11,563851.5265174648,115632.7544154647,448218.772102,5
2023-07-12,561425.1536153089,47670.39563030889,513754.75798500003,5
2023-07-13,563665.5229763088,47670.39563030889,515995.127346,5
2023-07-14,561189.2112033089,47670.39563030889,513518.815573,5
2023-07-17,557531.0476457793,144526.51760777936,413004.53003799997,4
2023-07-18,553291.6656876686,138112.28980966855,415179.375878,4
2023-07-19,551060.7681245493,28731.93761454933,522328.83051,5
2023-07-20,536281.9751037067,51415.94615870666,484866.028945,5
2023-07-21,537179.522142936,78924.21670893603,458255.305434,5
2023-07-24,538461.3057712917,71848.41945029167,466612.886321,5
2023-07-25,552028.0958265192,89918.18638251917,462109.909444,5
2023-07-26,556009.3174444522,118628.36864445217,437380.9488,5
2023-07-27,555522.0325267955,101380.65940379555,454141.37312299997,5
2023-07-28,577835.7711338572,121036.4400438572,456799.33109,5
2023-07-31,578805.16051255,158461.34797255014,420343.81253999996,5
2023-08-01,577663.219650902,165438.69592090198,412224.52373,4
2023-08-02,573053.8950364164,271512.1614634163,301541.733573,3
2023-08-03,579777.4504800199,155936.95323801992,423840.497242,4
2023-08-04,582137.1772798334,42434.76035083334,539702.416929,5
2023-08-07,575452.3547360464,59137.50902004639,516314.845716,5
2023-08-08,575290.2889925152,94597.67481751523,480692.614175,5
2023-08-09,572590.8879032847,75429.68187228478,497161.206031,5
2023-08-10,575623.9165092848,75429.68187228478,500194.234637,5
2023-08-11,559528.575776691,75232.26007469094,484296.315702,5
2023-08-14,554904.2812241183,227253.79298411828,327650.48824,3
2023-08-15,558542.318901353,119969.12364135309,438573.19526,4
2023-08-16,562361.8317922659,120043.49107226593,442318.34072,4
2023-08-17,561025.9847017507,5730.69103175067,555295.29367,5
2023-08-18,540826.1558719487,3125.2483319486055,537700.90754,5
2023-08-21,524881.7535760168,211464.61439101677,313417.139185,3
2023-08-22,527424.8997119062,263944.40907390614,263480.490638,3
2023-08-23,519394.93164913356,155951.19090813358,363443.740741,4
2023-08-24,517853.02366957115,104736.2761955711,413116.74747400003,4
2023-08-25,523115.3993542047,52538.32973320466,470577.06962100003,5
2023-08-28,521493.0396451283,127634.26463812831,393858.775007,5
2023-08-29,518435.0642571872,108721.1416801872,409713.922577,5
2023-08-30,518302.6149206703,145095.69894067026,373206.91598,5
2023-08-31,516543.3872749056,147085.44797090554,369457.939304,5
2023-09-01,516205.80668704916,250792.01127304917,265413.795414,4
2023-09-04,517123.42165626114,216326.49511626113,300796.92654,4
2023-09-05,518495.6569038571,125549.02422785708,392946.632676,5
2023-09-06,514453.04983985703,125549.02422785708,388904.02561199997,5
2023-09-07,512615.1887032564,121476.89291325644,391138.29579,5
2023-09-08,507129.31513299746,144238.14462299747,362891.17051,4
2023-09-11,510237.3414559836,52899.7766539836,457337.564802,5
2023-09-12,508724.5960739836,52899.7766539836,455824.81942,5
2023-09-13,508092.56049905426,55666.01347105425,452426.547028,5
2023-09-14,509639.8996735986,82869.70746559858,426770.192208,5
2023-09-15,506283.5277948868,75919.29918688674,430364.22860800003,5
2023-09-18,505033.01297656656,71408.95699456663,433624.05598199996,5
2023-09-19,505828.4795785666,71408.95699456663,434419.522584,5
2023-09-20,504137.0500725666,71408.95699456663,432728.093078,5
2023-09-21,499689.3587214083,71262.89434540828,428426.464376,5
2023-09-22,500548.094371717,60213.34438171699,440334.74999000004,5
2023-09-25,500599.936809717,60213.34438171699,440386.592428,5
2023-09-26,498129.82791140914,97879.05853840911,400250.769373,5
2023-09-27,493909.2566542225,88363.6209152225,405545.635739,5
2023-09-28,493687.78733845067,103128.80652345065,390558.980815,5
2023-10-09,493902.52134390787,131833.94977690786,362068.571567,4
2023-10-10,492815.62487501407,67418.93212201407,425396.692753,5
2023-10-11,492351.78631500446,66480.57707000448,425871.209245,5
2023-10-12,498170.4607632427,100163.16914724266,398007.291616,5
2023-10-13,502388.2003619609,131588.93539596093,370799.264966,5
2023-10-16,498358.8089996484,136803.84018364834,361554.96881600004,5
2023-10-17,497190.0391073148,123022.90684431474,374167.132263,5
2023-10-18,493895.88094938267,155204.36196638274,338691.51898299996,5
2023-10-19,489801.96404467465,125139.3027366747,364662.661308,5
2023-10-20,483958.69796468894,196004.43456668896,287954.263398,3
2023-10-23,479746.62782174756,294074.1313577476,185672.496464,2
2023-10-24,477551.70810184145,203208.02330184146,274343.6848,3
2023-10-25,488090.9522371971,22170.068269197058,465920.883968,5
2023-10-26,484319.91318088444,38563.31286788442,445756.60031300003,5
2023-10-27,485622.3966655255,42235.6140085255,443386.782657,5
2023-10-30,474723.67803224945,130264.75956824944,344458.918464,4
2023-10-31,470877.5244891929,150086.02540119283,320791.49908800004,4
2023-11-01,470916.09070326603,67399.03477726603,403517.055926,5
2023-11-02,461554.8440027868,63874.00253678678,397680.841466,5
2023-11-03,461647.6319428409,41283.20421484088,420364.427728,5
2023-11-06,471473.1962366268,98499.05284462684,372974.143392,5
2023-11-07,472733.79380262684,98499.05284462684,374234.740958,5
2023-11-08,471765.5821506268,98499.05284462684,373266.529306,5
2023-11-09,474725.59243582725,126694.48355182729,348031.108884,5
2023-11-10,470909.8635318272,126694.48355182729,344215.37997999997,5
2023-11-13,467745.4940298367,135222.4436718367,332523.050358,5
2023-11-14,470887.2479118495,90158.30464784952,380728.943264,5
2023-11-15,478373.99742718064,107718.52323118059,370655.474196,5
2023-11-16,473123.83093229553,111822.99889229554,361300.83204,5
2023-11-17,477735.8308292843,50781.52636828431,426954.304461,5
2023-11-20,476360.1511231512,31050.20680115116,445309.944322,5
2023-11-21,469084.4825184177,28408.621809417687,440675.86070900003,5
2023-11-22,466045.8503266572,19285.373486657132,446760.47684,5
2023-11-23,474301.1552665895,18685.303605589477,455615.851661,5
2023-11-24,471425.9617775895,18685.303605589477,452740.658172,5
2023-11-27,476220.0968335895,18685.303605589477,457534.793228,5
2023-11-28,486002.9656850651,22080.7197180651,463922.24596699997,5
2023-11-29,473287.4420722833,105560.9205322833,367726.52154,4
2023-11-30,473679.75282392115,11334.8411259212,462344.911698,5
2023-12-01,471417.82363074966,135457.58989874966,335960.233732,4
2023-12-04,471830.6140293032,48476.690202303216,423353.92382699996,5
2023-12-05,472537.09423190844,73004.11342490847,399532.98080699996,5
2023-12-06,480659.47377311415,99556.73673011415,381102.737043,5
2023-12-07,476901.7625870619,126980.6984820619,349921.064105,5
2023-12-08,476853.50957789004,147384.28268689007,329469.226891,5
2023-12-11,479393.9524998901,147384.28268689007,332009.669813,5
2023-12-12,481115.66223689006,147384.28268689007,333731.37955,5
2023-12-13,479271.8123608901,147384.28268689007,331887.529674,5
2023-12-14,471200.9275634014,106518.65224540138,364682.275318,5
2023-12-15,463631.2754586392,60940.532267639166,402690.743191,5
2023-12-18,466755.1361796392,60940.532267639166,405814.603912,5
2023-12-19,467898.71157927264,54139.06758427265,413759.643995,5
2023-12-20,468998.9359902726,54139.06758427265,414859.86840599997,5
2023-12-21,478994.58373677795,32046.322889777963,446948.260847,5
2023-12-22,479430.2619561754,60424.97573617536,419005.28622,5
2023-12-25,476469.21827217535,60424.97573617536,416044.242536,5
2023-12-26,473211.39300022303,90064.49663722304,383146.896363,5
2023-12-27,478083.7146614271,106210.71649242713,371872.99816899997,5
2023-12-28,468255.83876624296,212484.92346124296,255770.915305,4
2023-12-29,469441.80888221785,192646.2215672178,276795.587315,4
2024-01-02,469733.52082602424,180570.7798150242,289162.741011,5
2024-01-03,465560.0410406323,178488.52161263226,287071.519428,5
2024-01-04,463217.3659445953,95248.97809259532,367968.387852,5
2024-01-05,461404.4380269293,88153.5203889293,373250.917638,5
2024-01-08,462412.3441708442,88778.3505148442,373633.993656,5
2024-01-09,462635.61040877696,89415.22711177701,373220.38329699996,5
2024-01-10,462026.67194508464,53594.87709508462,408431.79485,5
2024-01-11,462287.49061308464,53594.87709508462,408692.613518,5
2024-01-12,466764.4260816814,85193.6100176814,381570.816064,5
2024-01-15,470559.46315578255,117767.88966378258,352791.573492,5
2024-01-16,474571.02350375976,178593.64453975976,295977.37896400003,5
2024-01-17,470969.1210857597,178593.64453975976,292375.476546,5
2024-01-18,472912.86461081414,193097.61005881414,279815.25455199997,5
2024-01-19,468148.1658028142,193097.61005881414,275050.555744,5
2024-01-22,457331.6100813671,135004.8666493671,322326.743432,5
2024-01-23,462185.98690995807,134307.94046195803,327878.046448,5
2024-01-24,470257.97570721013,140234.59847921014,330023.377228,5
2024-01-25,474081.27390789206,137918.95477989205,336162.319128,5
2024-01-26,478657.00131789205,137918.95477989205,340738.046538,5
2024-01-29,479118.9477193606,128768.45303436059,350350.494685,5
2024-01-30,473914.8672764085,136836.56132540843,337078.305951,5
2024-01-31,472661.38228534104,112660.00589434104,360001.376391,5
2024-02-01,472900.3058535595,94841.1393445595,378059.166509,5
2024-02-02,478846.0229920432,94608.82055604318,384237.202436,5
2024-02-05,483529.5427173927,62625.9578953927,420903.584822,5
2024-02-06,495804.6869250999,75202.80511209984,420601.881813,5
2024-02-07,493428.95908477495,73310.65554077498,420118.30354399997,5
2024-02-08,492042.52359741624,35679.10072741621,456363.42287,5
2024-02-19,499358.94620800676,51966.43194000673,447392.514268,5
2024-02-20,506672.34099358553,240418.2821225855,266254.058871,4
2024-02-21,505846.14553539874,132564.0640363988,373282.08149899996,5
2024-02-22,513481.5242603988,132564.0640363988,380917.460224,5
2024-02-23,509980.71602668206,137282.76303268207,372697.952994,5
2024-02-26,506633.5685388524,127282.06004085238,379351.50849800004,5
2024-02-27,513702.2782568524,127282.06004085238,386420.218216,5
2024-02-28,505081.4784624041,153019.86844740412,352061.610015,5
2024-02-29,521598.3992032776,121126.72766727762,400471.671536,5
2024-03-01,518134.9291473711,147904.51379337112,370230.415354,5
2024-03-04,520915.8793145046,115296.20334450465,405619.67597,5
2024-03-05,529937.7274807992,72039.41784679925,457898.309634,5
2024-03-06,529783.0246697993,72039.41784679925,457743.606823,5
2024-03-07,525000.1242217992,72039.41784679925,452960.706375,5
2024-03-08,529633.7978307471,23621.4914817471,506012.306349,5
2024-03-11,531264.9012993256,43059.36249132562,488205.538808,5
2024-03-12,520474.3130289682,41304.748925968204,479169.564103,5
2024-03-13,513953.4095345449,52388.47071854489,461564.938816,5
2024-03-14,514121.0822317862,48361.240496786224,465759.84173499997,5
2024-03-15,527997.7390725208,30933.10776452074,497064.631308,5
2024-03-18,544229.6757344912,115691.70995549123,428537.96577899996,5
2024-03-19,542648.7436649533,111837.8060169533,430810.93764799996,5
2024-03-20,540517.2771738209,84248.72151382087,456268.55566,5
2024-03-21,532573.5273115428,95736.08276754273,436837.444544,5
2024-03-22,527100.2751589356,117810.58387793554,409289.69128100004,5
2024-03-25,522766.22918012145,155635.84747012146,367130.38171,4
2024-03-26,521466.9127411239,52055.34836612384,469411.564375,5
2024-03-27,519020.1834843074,62293.50366430741,456726.67981999996,5
2024-03-28,510058.8386088186,30215.939036818556,479842.899572,5
2024-03-29,518790.91345897736,130281.2008339773,388509.71262500004,4
2024-04-01,516235.9439954411,175392.71585944106,340843.228136,4
2024-04-02,515509.7504554777,111063.56255647767,404446.187899,5
2024-04-03,517580.4339120566,115546.78356605656,402033.65034600004,5
2024-04-08,520285.46496505657,115546.78356605656,404738.681399,5
2024-04-09,512325.9539500087,113813.17105900872,398512.78289100004,5
2024-04-10,513641.73943037976,112349.34878237978,401292.390648,5
2024-04-11,515707.272737317,47754.70980531699,467952.56293200003,5
2024-04-12,511381.10934053664,226108.2832485366,285272.826092,3
2024-04-15,526998.3146582075,208575.74619220744,318422.568466,3
2024-04-16,517387.9468744014,103115.63335340147,414272.313521,4
2024-04-17,526737.5438061802,131184.26616518025,395553.277641,4
2024-04-18,532588.8049369697,198353.21354196963,334235.591395,5
2024-04-19,526873.3231298513,132119.06657485123,394754.256555,5
2024-04-22,514777.42018995143,208626.45919995144,306150.96099,5
2024-04-23,508086.87916540686,271070.3017684069,237016.577397,3
2024-04-24,507447.4977785079,300710.19788750785,206737.299891,3
2024-04-25,513512.20291685767,114660.87926885765,398851.323648,5
2024-04-26,503166.150617004,202626.20173400405,300539.948883,4
2024-04-29,505220.40877027996,171534.72130627994,333685.687464,4
2024-04-30,512975.6462075474,207998.7831555474,304976.863052,4
2024-05-06,519596.4005342197,169299.2935602197,350297.106974,4
2024-05-07,519531.0097347642,67128.75700676418,452402.252728,5
2024-05-08,512197.8714585465,75586.3037535465,436611.567705,5
2024-05-09,514076.5378421629,75979.62248316288,438096.915359,5
2024-05-10,520932.3036401629,75979.62248316288,444952.681157,5
2024-05-13,524259.52062516287,75979.62248316288,448279.89814199996,5
2024-05-14,521050.88569124934,75465.10471124934,445585.78098,5
2024-05-15,505834.35861917154,77667.05848817156,428167.300131,5
2024-05-16,508935.0783610557,92689.18782305572,416245.890538,5
2024-05-17,513019.6977580557,92689.18782305572,420330.509935,5
2024-05-20,514969.52844479517,122298.84415179523,392670.68429299997,5
2024-05-21,515492.9032459786,81594.53535797859,433898.367888,5
2024-05-22,513115.8391872796,95878.54596427959,417237.293223,5
2024-05-23,509167.74009350373,86060.87645650374,423106.863637,5
2024-05-24,505216.4472727501,85055.32450475007,420161.122768,5
2024-05-27,511020.1192379657,134018.3832139657,377001.736024,4
2024-05-28,509763.0562035575,56048.7405505575,453714.315653,5
2024-05-29,510072.42420316825,36943.61357716826,473128.810626,5
2024-05-30,501206.7880574962,129212.31299949616,371994.475058,4
2024-05-31,495498.60064312955,236378.67070112957,259119.92994200002,3
2024-06-03,492720.4243398109,219115.4737038109,273604.950636,3
2024-06-04,495751.09847933496,243107.05784533493,252644.040634,3
2024-06-05,493326.8008154853,218355.57297148535,274971.227844,3
2024-06-06,492040.8489008927,156706.8898188927,335333.959082,4
2024-06-07,494003.8396463807,134547.03476638068,359456.80488,4
2024-06-11,480962.24045421457,133229.73533221456,347732.505122,4
2024-06-12,481940.0874020945,166899.57105309455,315040.516349,4
2024-06-13,485271.5095565375,83007.80683953749,402263.702717,5
2024-06-14,482950.92266060563,112665.23279660566,370285.68986399996,4
2024-06-17,489082.39785471826,224512.40466471823,264569.99319,3
2024-06-18,490544.3748875841,202282.9466715841,288261.42821600003,3
2024-06-19,486680.703846731,143424.183226731,343256.52062,4
2024-06-20,480813.40602747677,142527.08482747676,338286.3212,4
2024-06-21,483086.67491944414,142118.4481534442,340968.226766,4
2024-06-24,475677.90986738366,263818.8491373837,211859.06073,3
2024-06-25,468395.9778694066,139277.70381740655,329118.274052,4
2024-06-26,471578.1566722768,239349.11644427673,232229.04022800003,3
2024-06-27,470555.9024621869,248821.92204218684,221733.98042,3
2024-06-28,474555.0618038401,140496.7722078401,334058.289596,4
2024-07-01,480067.2641447717,138179.39792077168,341887.866224,4
2024-07-02,478894.7571311307,185076.2090911307,293818.54804,4
2024-07-03,476197.420960691,149779.56223769096,326417.85872300004,4
2024-07-04,478395.55396417505,204256.57117217508,274138.982792,3
2024-07-05,472208.2763785792,290129.9203375792,182078.356041,2
2024-07-08,474556.4564455995,102676.5313625995,371879.925083,4
2024-07-09,485891.2836504842,35070.37529148425,450820.908359,5
2024-07-10,475906.92584167985,40467.6518336798,435439.27400800004,5
2024-07-11,479036.34698374197,30746.88413774199,448289.462846,5
2024-07-12,479081.06583196926,34559.94997796927,444521.115854,5
2024-07-15,483503.47495012335,117873.65841912337,365629.81653099996,4
2024-07-16,489400.9734658378,53274.545322837745,436126.428143,5
2024-07-17,492745.4529723987,71631.8177303987,421113.635242,5
2024-07-18,497018.1366762445,102210.9173222445,394807.219354,5
2024-07-19,493353.9359702445,102210.9173222445,391143.018648,5
2024-07-22,491615.5774685177,109824.4043715177,381791.173097,5
2024-07-23,480571.44110333716,81102.47479733713,399468.966306,5
2024-07-24,482531.56711726304,84326.62267526305,398204.944442,5
2024-07-25,477555.2147312731,162644.7848292731,314910.429902,4
2024-07-26,474265.9855603993,190833.2287623993,283432.756798,4
2024-07-29,472603.1061630455,218495.4575370455,254107.648626,4
2024-07-30,471045.4898982284,119377.70895322839,351667.780945,5
2024-07-31,472071.0146834716,93124.74241347158,378946.27227,5
2024-08-01,472080.69720854703,91985.16269954701,380095.534509,5
2024-08-02,468112.49478015443,87137.69872615449,380974.796054,5
2024-08-05,460894.9308339878,86600.34023398781,374294.5906,5
2024-08-06,461727.59455261956,2042.7032586195855,459684.891294,5
2024-08-07,460557.171043573,2749.169541573021,457808.00150199997,5
2024-08-08,459422.5085385339,2744.362101533872,456678.146437,5
2024-08-09,457118.37027853384,2744.362101533872,454374.008177,5
2024-08-12,453449.0432827998,27421.520480799707,426027.52280200005,5
2024-08-13,456375.6735427997,27421.520480799707,428954.153062,5
2024-08-14,452631.6776458534,23999.590553853355,428632.087092,5
2024-08-15,456584.032983036,103613.78277503597,352970.250208,4
2024-08-16,456056.6981582899,14720.053464289871,441336.644694,5
2024-08-19,457669.08399428986,14720.053464289871,442949.03053,5
2024-08-20,452480.6598972899,14720.053464289871,437760.606433,5
2024-08-21,450402.32632409234,12711.202041092329,437691.124283,5
2024-08-22,449348.29767275637,11925.589997756339,437422.707675,5
2024-08-23,448941.63484428084,11732.640660280886,437208.99418399995,5
2024-08-26,450240.1296444144,11504.69371041443,438735.435934,5
2024-08-27,445504.41186798154,40770.728055981584,404733.683812,5
2024-08-28,439219.86378450604,41857.59405950601,397362.269725,5
2024-08-29,431535.3449793995,83769.93937139952,347765.405608,4
2024-08-30,435424.1538630382,84835.37945303823,350588.77441,4
2024-09-02,426875.9575816024,21219.03972060237,405656.917861,5
2024-09-03,428544.86212927656,47997.13081527657,380547.731314,5
2024-09-04,425482.2419251445,52574.52889114451,372907.713034,5
2024-09-05,420679.3724175227,50885.07861852273,369794.293799,5
2024-09-06,418680.1513586476,84016.39933464763,334663.752024,5
2024-09-09,417958.99138986645,80543.30144886646,337415.689941,5
2024-09-10,415810.1974114069,57862.91319940689,357947.284212,5
2024-09-11,415288.97694617853,53538.47227117856,361750.504675,5
2024-09-12,412898.16068147623,50984.59220647624,361913.568475,5
2024-09-13,412406.5357412235,52197.51182422353,360209.023917,5
2024-09-18,418162.88501325285,81849.95179425283,336312.933219,5
2024-09-19,419488.04980125284,81849.95179425283,337638.098007,5
2024-09-20,419530.18619925284,81849.95179425283,337680.234405,5
2024-09-23,420043.57544925285,81849.95179425283,338193.623655,5
2024-09-24,436051.36018510343,126817.88425210345,309233.475933,5
2024-09-25,440998.9894520348,154512.1656420348,286486.82381000003,5
2024-09-26,465939.0074800063,117336.68674600631,348602.320734,5
2024-09-27,475043.8480186215,179481.1068536215,295562.741165,5
2024-09-30,505528.86501608853,167328.69259708852,338200.172419,4
2024-10-08,518297.08078647166,329626.67631847167,188670.404468,2
2024-10-09,503486.7388547683,321026.0953047683,182460.64354999998,2
2024-10-10,496610.8591933012,320718.7721893012,175892.087004,2
2024-10-11,490182.58100828965,301357.9853742897,188824.59563399997,2
2024-10-14,498476.67974481476,225181.2230288148,273295.456716,3
2024-10-15,491727.61882740393,141266.7413934039,350460.877434,4
2024-10-16,500553.99540857534,120110.66314457536,380443.33226399997,4
2024-10-17,491008.4086532489,52604.80834024887,438403.60031300003,5
2024-10-18,501927.8309389058,74051.35244290577,427876.47849600005,5
2024-10-21,496620.3492510299,76895.80247902985,419724.54677200003,5
2024-10-22,493458.5035359055,48936.8119439055,444521.691592,5
2024-10-23,490363.54194995126,152319.94060395128,338043.601346,4
2024-10-24,488305.6596208355,39001.4784208355,449304.1812,5
2024-10-25,491194.6552984685,62149.122790468435,429045.53250800003,5
2024-10-28,488894.6102939671,95575.20536196709,393319.40493200003,5
2024-10-29,485996.7326170532,172110.6311770532,313886.10144,4
2024-10-30,503842.5464746461,104417.73772664611,399424.80874799995,5
2024-10-31,519805.1231323647,104277.90061836467,415527.222514,5
2024-11-01,529548.9922266781,188108.92050067807,341440.071726,4
2024-11-04,534082.0128495479,195604.45872354787,338477.55412600003,4
2024-11-05,565648.9041475758,78824.13822857582,486824.765919,5
2024-11-06,566460.6506135124,126054.99164751239,440405.658966,5
2024-11-07,579911.0833893297,187637.3283963297,392273.754993,4
2024-11-08,578691.0235730746,184836.3025460746,393854.721027,4
2024-11-11,581151.3945402072,331918.4055002072,249232.98904000001,3
2024-11-12,569991.0462852069,200107.91342220694,369883.132863,4
2024-11-13,566617.8419760222,230292.1147750222,336325.72720100003,4
2024-11-14,552776.8314176103,272836.5485646103,279940.282853,4
2024-11-15,560394.7213832752,297150.81553627516,263243.905847,3
2024-11-18,559305.8439058345,282996.55234883446,276309.291557,4
2024-11-19,557676.4562868875,209066.8129448875,348609.643342,4
2024-11-20,557564.493705143,221841.81232714298,335722.681378,4
2024-11-21,554356.007825546,111780.66402854599,442575.343797,5
2024-11-22,541755.8628932963,77904.26821629624,463851.594677,5
2024-11-25,543859.3370772009,144331.9145292009,399527.422548,4
2024-11-26,546781.5599095655,70726.30975056546,476055.250159,5
2024-11-27,547172.4777841424,67524.27605314227,479648.20173100004,5
2024-11-28,543212.7492553014,101752.84078930142,441459.908466,5
2024-11-29,542176.8741583014,101752.84078930142,440424.033369,5
2024-12-02,537979.3739233015,101752.84078930142,436226.533134,5
2024-12-03,542845.1835949415,142060.91590194157,400784.267693,5
2024-12-04,534646.8962428037,65030.182276803695,469616.713966,5
2024-12-05,530292.5814906864,56429.374082686365,473863.207408,5
2024-12-06,531648.3873447758,57688.174250775846,473960.213094,5
2024-12-09,535927.3383381113,136519.99327711135,399407.34506099997,5
2024-12-10,533091.3082288508,72155.22976385082,460936.078465,5
2024-12-11,526234.6420668508,62470.4773428507,463764.16472400003,5
2024-12-12,531989.4005460226,76128.78892802262,455860.61161799997,5
2024-12-13,523816.6223306856,75316.84832068559,448499.77401,5
2024-12-16,532304.3521846735,94279.14809567347,438025.204089,5
2024-12-17,527571.7206995506,117627.95815555059,409943.76254400006,5
2024-12-18,519165.4276355986,103157.38887159858,416008.038764,5
2024-12-19,511631.97118907503,115080.71146307504,396551.259726,5
2024-12-20,506799.22510169947,99972.65646769952,406826.56863399997,5
2024-12-23,497643.13501839346,256551.98547639346,241091.149542,3
2024-12-24,499460.804828809,157160.85141080897,342299.953418,4
2024-12-25,490522.6802440556,59577.75648405554,430944.92376000003,5
2024-12-26,493181.9807226498,68104.71438264975,425077.26634000003,5
2024-12-27,490066.0146284371,99715.28746043712,390350.727168,5
2024-12-30,491907.9190664371,99715.28746043712,392192.631606,5
2024-12-31,484776.7098294371,99715.28746043712,385061.422369,5
2025-01-02,471751.56668959337,148304.26284759335,323447.303842,4
2025-01-03,463032.6145974238,238449.01121142379,224583.603386,3
2025-01-06,459833.27863584494,210968.3347258449,248864.94391,3
2025-01-07,469431.51563527406,332247.73084327404,137183.78479200002,2
2025-01-08,468333.64796031354,245019.34904931352,223314.29891100002,3
2025-01-09,467080.48384163965,94139.91207363964,372940.571768,5
2025-01-10,462125.2800332287,92586.89711022866,369538.382923,5
2025-01-13,455751.19862620655,161346.02803420654,294405.170592,4
2025-01-14,468744.7055261368,71742.32722613677,397002.37830000004,5
2025-01-15,467295.4480654092,100287.96181540928,367007.48624999996,5
2025-01-16,467834.98611694033,83317.43325194037,384517.552865,5
2025-01-17,468648.9699316081,43860.87877560807,424788.09115600004,5
2025-01-20,470846.65690802137,61257.74748402134,409588.909424,5
2025-01-21,470465.38581334485,51778.894685344814,418686.491128,5
2025-01-22,471527.80618133757,65995.84217733757,405531.964004,5
2025-01-23,462466.25638741936,61950.77858341932,400515.477804,5
2025-01-24,472759.4636239747,59376.21752797476,413383.24609599996,5
2025-01-27,470597.8976045176,128233.36886351761,342364.528741,4
2025-02-05,456641.6372722732,248868.46946827316,207773.16780400003,3
2025-02-06,463792.32128020725,234038.18656020728,229754.13471999997,3
2025-02-07,475591.321290634,68519.89739863397,407071.423892,5
2025-02-10,489162.13675078854,193322.03323078854,295840.10352,3
2025-02-11,490045.23408427066,215147.40746227064,274897.826622,3
2025-02-12,504676.4261441652,99853.0520001652,404823.374144,4
2025-02-13,519002.04333396745,4292.47337196747,514709.569962,5
2025-02-14,553917.627924503,64140.70470650296,489776.923218,5
2025-02-17,555702.6785287582,130806.29828675825,424896.380242,5
2025-02-18,547104.3978310811,116866.73527808108,430237.662553,5
2025-02-19,569542.4178305945,228155.3121965945,341387.105634,4
2025-02-20,560816.7221619859,110326.57975998585,450490.142402,5
2025-02-21,563605.3492979836,230777.30072198348,332828.04857600003,4
2025-02-24,557980.1273875644,212236.11505556438,345744.012332,4
2025-02-25,558647.7349205858,189841.6802185857,368806.054702,4
2025-02-26,555657.9891224226,273670.2532454226,281987.735877,3
2025-02-27,566766.0335045411,79041.07791254114,487724.955592,5
2025-02-28,552533.0677105747,194272.02003057476,358261.04768,4
2025-03-03,554598.5874552019,268839.91890320193,285758.668552,3
2025-03-04,556491.8080590586,304122.0730260586,252369.735033,3
2025-03-05,555395.6008577199,102600.01882571992,452795.582032,5
2025-03-06,562822.3341439005,120280.84680990048,442541.487334,5
2025-03-07,569029.9321581338,148591.24658013388,420438.685578,5
2025-03-10,572548.8092041339,148591.24658013388,423957.562624,5
2025-03-11,582515.2419281048,115182.03320710483,467333.208721,5
2025-03-12,572932.8406131191,83656.73503611918,489276.10557699995,5
2025-03-13,568007.9321351346,82752.36712813462,485255.565007,5
2025-03-14,572081.3001042188,55847.559692218754,516233.740412,5
2025-03-17,571006.7962083961,63462.78808839612,507544.00812,5
2025-03-18,569378.2289808833,67944.04983788326,501434.17914300004,5
2025-03-19,568710.6788348833,67944.04983788326,500766.628997,5
2025-03-20,565517.622216898,50521.153087898,514996.469129,5
2025-03-21,558930.8503744706,68073.5693724705,490857.28100200003,5
2025-03-24,566884.2708040432,245676.71322404314,321207.55758,3
2025-03-25,570799.3982176713,165293.84502767125,405505.55319,4
2025-03-26,569358.5235303827,94989.95561838266,474368.567912,5
2025-03-27,572696.6568527697,34157.414606769715,538539.242246,5
2025-03-28,573956.5143716441,32789.33815764413,541167.176214,5
2025-03-31,574749.2939518159,35214.57646081591,539534.717491,5
2025-04-01,587206.0864449282,28001.186593928287,559204.8998509999,5
2025-04-02,590177.499981103,35721.39569710306,554456.104284,5
2025-04-03,591156.0420733572,72917.08240635715,518238.959667,5
2025-04-07,564042.227491599,281998.4561105991,282043.771381,3
2025-04-08,575468.2532809312,263079.6113759311,312388.64190499997,3
2025-04-09,579672.7749311489,38588.61970214883,541084.155229,5
2025-04-10,584832.8937836325,119846.87710963258,464986.01667399995,5
2025-04-11,577036.3839106326,119846.87710963258,457189.506801,5
2025-04-14,572359.8346470899,68258.12760108989,504101.707046,5
2025-04-15,571669.849525003,42247.50802900299,529422.341496,5
2025-04-16,573874.2044706291,40335.98735662912,533538.217114,5
2025-04-17,576452.7911454304,45250.4562534304,531202.3348920001,5
2025-04-18,570644.3723927775,127641.22309077748,443003.149302,4
2025-04-21,572164.0927399382,129051.50302793818,443112.589712,4
2025-04-22,578903.0847559185,68540.85954691848,510362.225209,5
2025-04-23,566622.839335892,2926.015588892071,563696.823747,5
2025-04-24,575905.189756205,2317.8098312049697,573587.379925,5
2025-04-25,570032.4430356448,3447.394242644863,566585.0487929999,5
2025-04-28,576374.6074746449,3447.394242644863,572927.213232,5
2025-04-29,575835.106626645,3447.394242644863,572387.7123840001,5
2025-04-30,570256.7378130902,3411.9105690901924,566844.827244,5
2025-05-06,562130.0021268249,9278.046274824854,552851.955852,5
2025-05-07,561289.2964331947,2416.0445481946517,558873.251885,5
2025-05-08,565500.7215195869,8949.660230586946,556551.061289,5
2025-05-09,573670.7219110959,76587.45676909595,497083.265142,5
2025-05-12,568260.6901475671,231579.36802356705,336681.322124,3
2025-05-13,567676.9899417266,14939.054649726604,552737.935292,5
2025-05-14,579563.2639857945,27898.888452794505,551664.375533,5
2025-05-15,570090.5010343764,17681.788661376486,552408.712373,5
2025-05-16,566844.2744566755,15779.227722675496,551065.046734,5
2025-05-19,564991.1530226755,15779.227722675496,549211.9253,5
2025-05-20,567126.3987615971,14707.341387597044,552419.0573740001,5
2025-05-21,570385.539130597,14707.341387597044,555678.197743,5
2025-05-22,575593.524675597,14707.341387597044,560886.183288,5
2025-05-23,569850.938564597,14707.341387597044,555143.597177,5
2025-05-26,568613.259101597,14707.341387597044,553905.917714,5
2025-05-27,569773.2053867268,48330.28366072671,521442.92172600003,5
2025-05-28,568828.7002952213,85775.44796722135,483053.252328,5
2025-05-29,567654.7290518202,81700.35745682023,485954.37159500003,5
2025-05-30,573078.6240048278,127654.31116482784,445424.31284,5
2025-06-03,575598.1820003316,244682.49170533166,330915.690295,4
2025-06-04,576822.8803872418,199392.66640524182,377430.213982,4
2025-06-05,571252.6753800781,81792.49378107811,489460.181599,5
2025-06-06,570393.4601580494,79421.60033004939,490971.859828,5
2025-06-09,572112.3337074413,80660.56109444129,491451.772613,5
2025-06-10,574806.4688890409,106222.75307304088,468583.715816,5
2025-06-11,579227.0494186641,141394.15436166414,437832.895057,5
2025-06-12,585295.6202864114,179987.12693141145,405308.493355,5
2025-06-13,582089.1218577081,214527.1331967081,367561.988661,5
2025-06-16,591161.3711932475,112068.00222524747,479093.368968,5
2025-06-17,583329.1566652004,84962.35440020042,498366.802265,5
2025-06-18,581809.3077836016,89510.14161960158,492299.166164,5
2025-06-19,577124.334680156,88848.95231115597,488275.382369,5
2025-06-20,582629.2653967487,149713.2050317487,432916.060365,5
2025-06-23,583810.5488393791,149499.43003737918,434311.11880199995,5
2025-06-24,585890.099594668,144899.647246668,440990.452348,5
2025-06-25,595452.7316888777,114168.74343487766,481283.988254,5
2025-06-26,597139.3970621944,86693.77910819437,510445.617954,5
2025-06-27,591027.2737240188,108191.50168801876,482835.77203600004,5
2025-06-30,596004.7361223288,221625.76647032885,374378.969652,4
2025-07-01,598031.9481522078,118607.51264620779,479424.43550599995,5
2025-07-02,591726.9010651037,153012.27541910368,438714.62564600003,5
2025-07-03,593834.6533532247,130051.44715822475,463783.20619500004,5
2025-07-04,595211.7872457791,130579.67300377904,464632.114242,5
2025-07-07,594044.478179779,130579.67300377904,463464.805176,5
2025-07-08,594733.9119239411,132999.1675679411,461734.744356,5
2025-07-09,583997.4265205903,102387.74406659031,481609.682454,5
2025-07-10,582234.6814502038,54443.65585320379,527791.025597,5
2025-07-11,585934.1202910664,55908.50056106638,530025.61973,5
2025-07-14,580174.4398425107,134365.19258451072,445809.247258,4
2025-07-15,571951.3723821035,267379.3736901035,304571.998692,3
2025-07-16,570163.8171324013,263186.7865404012,306977.030592,3
2025-07-17,570520.469374416,172958.98470841604,397561.484666,4
2025-07-18,573510.1658699595,59893.811390959556,513616.354479,5
2025-07-21,580394.436303816,136743.67275781606,443650.763546,5
2025-07-22,586723.8628551363,123359.08561413627,463364.77724100003,5
2025-07-23,579653.6299964665,125554.80328846644,454098.82670800004,5
2025-07-24,587572.7603249634,154123.89309996334,433448.867225,5
2025-07-25,577628.6055978502,189212.3643568501,388416.241241,4
2025-07-28,586922.9609820894,161538.11397008933,425384.84701200004,4
2025-07-29,591085.284639112,165301.675051112,425783.609588,4
2025-07-30,601034.1450096159,232740.85329561587,368293.291714,4
2025-07-31,584222.0825899988,203878.67959099892,380343.402999,4
2025-08-01,571130.6130688697,271788.54869986966,299342.064369,3
2025-08-04,572177.3809436106,349651.4733716106,222525.907572,2
2025-08-05,572105.2820652323,276242.21642923227,295863.065636,3
2025-08-06,570216.8301475069,176392.59817350688,393824.231974,4
2025-08-07,577960.5391563326,161921.82971333252,416038.709443,4
2025-08-08,579789.5256082475,73759.77427324749,506029.751335,5
2025-08-11,579958.9016689205,152950.92429392049,427007.977375,4
2025-08-12,587838.2477849693,41494.61899296925,546343.628792,5
2025-08-13,592223.5886059693,41494.61899296925,550728.969613,5
2025-08-14,590666.6963699874,161247.90506498748,429418.79130499996,4
2025-08-15,607118.9832554531,199534.57162645305,407584.411629,5
2025-08-18,612392.4917382365,240816.09640623647,371576.395332,4
2025-08-19,606661.2293951884,247645.46598118846,359015.763414,3
2025-08-20,622121.3119954374,167024.96802043734,455096.343975,4
2025-08-21,598831.8851989913,58559.25663499122,540272.628564,5
2025-08-22,613711.5404443459,127376.2692723459,486335.271172,4
2025-08-25,610957.7692083295,82065.5368603296,528892.2323479999,5
2025-08-26,609687.50374346,373866.46589546005,235821.037848,2
2025-08-27,602936.4635124002,373799.1471214001,229137.316391,2
2025-08-28,621214.9470627854,289679.4495917854,331535.497471,3
2025-08-29,628338.5415191529,387413.27592415287,240925.265595,2
2025-09-01,626973.5834579702,258902.72774797017,368070.85571000003,3
2025-09-02,611546.319353376,413565.66472337605,197980.65463,2
2025-09-03,608897.2021548962,329996.2798088963,278900.922346,3
2025-09-04,587000.9169256391,421982.0437506392,165018.87317500002,2
2025-09-05,590051.6916218019,364809.247445802,225242.44417599996,2
2025-09-08,593193.6686052919,158233.14539429185,434960.523211,4
2025-09-09,593338.6986575995,188648.3592485995,404690.339409,4
2025-09-10,590367.3979144952,210765.91012649518,379601.487788,4
2025-09-11,597158.2459226154,259041.04774661534,338117.19817600003,3
2025-09-12,600077.5430597408,64876.87927974085,535200.66378,5
2025-09-15,598078.5318935607,116180.77524256062,481897.756651,5
2025-09-16,598701.4458805607,116180.77524256062,482520.670638,5
2025-09-17,601125.9372239418,136256.00582494185,464869.931399,5
2025-09-18,577866.8003244132,95331.1589144133,482535.64141,5
2025-09-19,568138.354903895,276227.42969389487,291910.92521,3
2025-09-22,566430.7837834713,187065.19275847136,379365.591025,4
2025-09-23,555516.9338234217,159746.6339574217,395770.299866,4
2025-09-24,560179.7262321403,133278.6023451403,426901.123887,4
2025-09-25,566240.7152298981,180549.82311789808,385690.89211200003,4
2025-09-26,550984.7611012624,35850.71187426246,515134.049227,5
2025-09-29,553446.554391589,60994.377858589054,492452.17653299996,5
2025-09-30,561094.0197612281,40760.58023222812,520333.43952899997,5
2025-10-09,567421.7773620165,75022.55970101655,492399.217661,5
2025-10-10,559628.1480060165,75022.55970101655,484605.588305,5
2025-10-13,538846.2376417902,318721.4801437902,220124.757498,2
2025-10-14,533535.1916055256,325128.41412552557,208406.77748,2
2025-10-15,532831.0888840682,143238.3739640682,389592.71492,4
2025-10-16,532887.4313122396,170166.51873623958,362720.91257600003,4
2025-10-17,517084.4851063393,245662.85671433934,271421.628392,3
2025-10-20,532079.463201771,140590.61229577096,391488.850906,4
2025-10-21,532364.3446993585,147012.1718033584,385352.17289600003,5
2025-10-22,533168.7944173063,97448.11121730636,435720.68319999997,5
2025-10-23,537445.5570260527,139680.86658205272,397764.690444,5
2025-10-24,533662.1949200658,142455.4223780658,391206.772542,5
2025-10-27,535431.2189311676,174324.07163216756,361107.147299,5
2025-10-28,535038.3597891675,174324.07163216756,360714.288157,5
2025-10-29,532389.4015571339,139898.21226913386,392491.189288,5
2025-10-30,534582.2591247086,136806.12848670856,397776.130638,5
2025-10-31,525211.6795577505,154460.74174175045,370750.93781599996,5
2025-11-03,535387.7968338667,134801.50052386668,400586.29631,5
2025-11-04,526662.1915714956,103725.81336949563,422936.378202,5
2025-11-05,523997.8270115913,114753.35136759127,409244.475644,5
2025-11-06,525868.4658751128,136917.20173911282,388951.26413599995,5
2025-11-07,527612.8639231129,136917.20173911282,390695.662184,5
2025-11-10,540232.6474469177,176811.75123791772,363420.896209,5
2025-11-11,536857.6280658826,203358.9365148826,333498.691551,5
2025-11-12,539751.2445261015,230810.4067851015,308940.837741,5
2025-11-13,539669.1138311015,230810.4067851015,308858.707046,5
2025-11-14,534246.7898831015,230810.4067851015,303436.38309799996,5
2025-11-17,531793.7998839857,224348.6814519856,307445.118432,5
2025-11-18,525266.6320379674,223410.7644019674,301855.867636,4
2025-11-19,526352.8230173236,138155.2411813236,388197.58183599997,5
2025-11-20,525629.2158669576,173142.67463595755,352486.541231,5
2025-11-21,518403.2278622641,168533.9981132641,349869.229749,5
2025-11-24,513058.4094170124,200145.14125701244,312913.26816,4
2025-11-25,502618.7893849292,302571.3454729292,200047.443912,2
2025-11-26,504369.60556786554,247648.90931386553,256720.696254,3
2025-11-27,497646.322290421,148295.682039421,349350.640251,4
2025-11-28,500821.745872241,86422.84432324095,414398.901549,5
2025-12-01,497569.8220322409,86422.84432324095,411146.977709,5
2025-12-02,497493.4895491204,106383.44437912044,391110.04517,5
2025-12-03,488416.43719259166,103834.61564459164,384581.82154800004,5
2025-12-04,485775.11019490537,131369.32244090538,354405.787754,5
2025-12-05,492813.0903717723,88505.3135757723,404307.77679599996,5
2025-12-08,495072.75299523,88486.39226123005,406586.360734,5
2025-12-09,481328.3090967202,110812.4908787202,370515.818218,5
2025-12-10,485242.19388972817,125926.38670672815,359315.807183,5
2025-12-11,483812.6687446602,102590.8110646602,381221.85768,5
2025-12-12,487606.0694496889,84818.10483968887,402787.96461,5
2025-12-15,493912.0626511075,62031.33579010749,431880.726861,5
2025-12-16,488424.54502848187,136443.11337948186,351981.43164900003,5
2025-12-17,491165.0029679503,74783.17208195027,416381.830886,5
2025-12-18,493930.02609555086,64645.754453550835,429284.271642,5
2025-12-19,506171.1710802922,66068.9192622922,440102.251818,5
2025-12-22,519752.85719066294,76622.08309566294,443130.774095,5
2025-12-23,513038.7079730155,96763.1775080155,416275.53046499996,5
2025-12-24,527184.9780223665,93448.29741336645,433736.68060900003,5
2025-12-25,533179.9265176064,168839.0301466063,364340.89637100004,5
2025-12-26,533937.3487382028,114518.81012820284,419418.53861000005,5
2025-12-29,540441.7770474198,76760.07381641981,463681.703231,5
2025-12-30,533417.1616788685,77882.48661386855,455534.67506499996,5
2025-12-31,549351.0707894287,220165.27032642864,329185.800463,5
