date,code,open,high,low,close,volume,amount,turn,adjustflag
2022-11-22,sz.301377,26.0000000000,33.8000000000,26.0000000000,33.7800000000,28045080,784973674.0700,59.737200,1
2022-11-23,sz.301377,29.2500000000,32.7100000000,28.4400000000,29.2700000000,22208265,672447084.9600,47.304500,1
2022-11-24,sz.301377,28.0100000000,29.2000000000,27.0700000000,27.6100000000,17684282,492034774.1000,37.668200,1
2022-11-25,sz.301377,27.0900000000,27.4400000000,25.3000000000,25.4500000000,14861436,390315232.6700,31.655500,1
2022-11-28,sz.301377,24.7300000000,24.8800000000,24.1000000000,24.4500000000,10307931,251798842.1400,21.956300,1
2022-11-29,sz.301377,24.5100000000,24.8800000000,24.3000000000,24.5500000000,8874021,218040145.9100,18.902000,1
2022-11-30,sz.301377,24.4900000000,24.4900000000,23.5300000000,23.6000000000,10001551,238008802.0400,21.303700,1
2022-12-01,sz.301377,23.8000000000,24.2700000000,23.6000000000,23.8700000000,7764470,185960837.1100,16.538600,1
2022-12-02,sz.301377,23.6500000000,24.1000000000,23.6500000000,23.9700000000,5620696,134300970.8000,11.972300,1
2022-12-05,sz.301377,23.9700000000,24.5500000000,23.7200000000,24.3200000000,7575735,183369664.0700,16.136600,1
2022-12-06,sz.301377,24.3300000000,24.3300000000,23.6900000000,23.8200000000,7111885,169861857.7000,15.148600,1
2022-12-07,sz.301377,23.6800000000,24.2000000000,23.5200000000,24.2000000000,6863342,163815728.0200,14.619200,1
2022-12-08,sz.301377,24.0800000000,24.4900000000,23.9700000000,24.3800000000,7384677,179404046.7000,15.729700,1
2022-12-09,sz.301377,24.4800000000,24.4900000000,23.6900000000,23.7400000000,6846266,163649085.4700,14.582800,1
2022-12-12,sz.301377,23.6000000000,23.6300000000,22.8600000000,23.1000000000,6085047,140955634.2800,12.961400,1
2022-12-13,sz.301377,23.2400000000,23.2400000000,22.7200000000,22.8200000000,3967840,90986103.9200,8.451700,1
2022-12-14,sz.301377,22.9500000000,23.3500000000,22.9000000000,22.9800000000,3735381,86081059.0900,7.956500,1
2022-12-15,sz.301377,22.9200000000,23.4900000000,22.7300000000,23.2900000000,4028210,93406836.1400,8.580200,1
2022-12-16,sz.301377,23.1000000000,23.1000000000,22.0100000000,22.0400000000,5783274,129688752.2800,12.318600,1
2022-12-19,sz.301377,22.0800000000,22.1600000000,21.1200000000,21.3000000000,3931815,84928352.3200,8.374900,1
2022-12-20,sz.301377,21.3900000000,21.5200000000,21.0800000000,21.5100000000,2152415,45933485.1400,4.584700,1
2022-12-21,sz.301377,21.6500000000,21.7700000000,20.8000000000,20.9700000000,2923864,61806770.8600,6.227900,1
2022-12-22,sz.301377,20.8500000000,21.0600000000,20.0400000000,20.0900000000,3232313,66055216.5400,6.885000,1
2022-12-23,sz.301377,20.0000000000,20.1100000000,19.5000000000,19.7400000000,2927087,57903305.4600,6.234800,1
2022-12-26,sz.301377,19.7400000000,20.4200000000,19.7400000000,20.2200000000,2629986,52781513.7800,5.602000,1
2022-12-27,sz.301377,20.2800000000,20.3800000000,19.8700000000,20.1000000000,2497630,50114327.6200,5.320100,1
2022-12-28,sz.301377,20.0300000000,20.0300000000,19.5900000000,19.6000000000,2023982,40012607.8700,4.311200,1
2022-12-29,sz.301377,19.7300000000,20.0900000000,19.5000000000,19.7800000000,2120772,42001683.9600,4.517300,1
2022-12-30,sz.301377,19.9800000000,19.9800000000,19.5800000000,19.6700000000,1916346,37774594.4500,4.081900,1
2023-01-03,sz.301377,19.6700000000,20.3100000000,19.6000000000,20.2200000000,2558864,51307872.7700,5.450500,1
2023-01-04,sz.301377,20.1000000000,20.4700000000,20.0000000000,20.2000000000,2570517,51948080.9000,5.475300,1
2023-01-05,sz.301377,20.2000000000,20.3400000000,19.9800000000,20.3000000000,2175816,43902201.2700,4.634600,1
2023-01-06,sz.301377,20.3600000000,21.4900000000,20.2100000000,21.4500000000,7741174,162041235.8400,16.489000,1
2023-01-09,sz.301377,21.5600000000,23.3700000000,21.5600000000,22.6400000000,9971802,225682602.7200,21.240300,1
2023-01-10,sz.301377,22.3500000000,22.9300000000,21.8900000000,22.3800000000,6241488,139173544.7000,13.294600,1
2023-01-11,sz.301377,22.3700000000,23.3000000000,22.0600000000,22.6000000000,6560103,150093961.8600,13.973300,1
2023-01-12,sz.301377,22.6200000000,22.9500000000,21.7000000000,21.8500000000,4699541,103757598.0100,10.010200,1
2023-01-13,sz.301377,21.8000000000,22.9900000000,21.7600000000,22.1800000000,4979276,111446675.0600,10.606100,1
2023-01-16,sz.301377,22.3800000000,23.1800000000,22.0000000000,22.8300000000,5005939,113327686.7900,10.662900,1
2023-01-17,sz.301377,23.0500000000,24.1800000000,22.9000000000,24.0000000000,8676148,205447947.8200,18.480500,1
2023-01-18,sz.301377,23.9100000000,24.0600000000,23.0200000000,23.1300000000,6364552,148769763.4800,13.556800,1
2023-01-19,sz.301377,23.0000000000,23.6000000000,22.8900000000,23.1900000000,3542976,82561809.4200,7.546700,1
2023-01-20,sz.301377,23.1900000000,23.8000000000,22.9100000000,23.0100000000,3188969,74187606.4900,6.792600,1
2023-01-30,sz.301377,23.3100000000,23.4900000000,22.8400000000,22.9100000000,3199543,73847764.0600,6.815200,1
2023-01-31,sz.301377,22.9300000000,23.8800000000,22.7100000000,23.5900000000,5088391,119461382.0000,10.838500,1
2023-02-01,sz.301377,23.5500000000,23.7900000000,23.3000000000,23.7700000000,3305790,78031659.2000,7.041500,1
2023-02-02,sz.301377,23.7600000000,24.0800000000,23.3800000000,24.0000000000,4521597,107122788.5500,9.631200,1
2023-02-03,sz.301377,23.8700000000,23.9500000000,22.9500000000,23.3500000000,4876045,113784523.6900,10.386200,1
2023-02-06,sz.301377,23.1100000000,23.5000000000,23.0000000000,23.3500000000,2237712,51981159.0200,4.766400,1
2023-02-07,sz.301377,23.5500000000,24.3000000000,23.5500000000,24.0400000000,5803456,139193985.1300,12.361600,1
2023-02-08,sz.301377,23.8000000000,23.9700000000,23.4500000000,23.5700000000,3103452,73310713.1100,6.610500,1
2023-02-09,sz.301377,23.2700000000,23.7100000000,23.2700000000,23.7000000000,2517090,59247633.9600,5.361500,1
2023-02-10,sz.301377,23.8000000000,24.1000000000,23.6100000000,24.0000000000,4022739,96143601.6600,8.568600,1
2023-02-13,sz.301377,24.0400000000,25.3500000000,24.0400000000,25.0600000000,8665872,215860525.2300,18.458700,1
2023-02-14,sz.301377,25.3000000000,26.3800000000,24.6100000000,26.0400000000,8420921,214847520.2800,17.936900,1
2023-02-15,sz.301377,25.8200000000,26.2800000000,25.3500000000,25.5200000000,4884918,125491346.7700,10.405100,1
2023-02-16,sz.301377,25.4700000000,25.5000000000,23.8000000000,24.0800000000,6021198,148621164.9600,12.825400,1
2023-02-17,sz.301377,24.2700000000,24.3900000000,23.2400000000,23.2400000000,3337050,79173984.1500,7.108100,1
2023-02-20,sz.301377,23.1200000000,23.5700000000,22.9600000000,23.3800000000,2285871,53187275.6400,4.869000,1
2023-02-21,sz.301377,23.3100000000,23.6500000000,22.8600000000,23.0900000000,2425005,56365852.5300,5.165400,1
2023-02-22,sz.301377,23.0300000000,23.4800000000,23.0200000000,23.4800000000,2065918,48201310.7100,4.400500,1
2023-02-23,sz.301377,23.7000000000,23.8000000000,22.8600000000,22.9500000000,3338625,77216997.7500,7.111400,1
2023-02-24,sz.301377,23.0800000000,23.1100000000,22.3700000000,22.5500000000,2790810,63050671.2300,5.944500,1
2023-02-27,sz.301377,22.4500000000,22.4800000000,22.0500000000,22.1100000000,1970426,43782125.8600,4.197100,1
2023-02-28,sz.301377,22.0500000000,22.5400000000,22.0500000000,22.4200000000,1668800,37314643.7800,3.554600,1
2023-03-01,sz.301377,22.5000000000,22.6300000000,22.0800000000,22.5400000000,1739721,38976883.1300,3.705700,1
2023-03-02,sz.301377,22.5800000000,22.7200000000,22.2600000000,22.3300000000,2000590,44969656.7500,4.261300,1
2023-03-03,sz.301377,22.4000000000,22.6100000000,22.2000000000,22.4800000000,1315689,29480142.1300,2.802500,1
2023-03-06,sz.301377,22.4600000000,22.4800000000,22.1500000000,22.3100000000,1051083,23419375.1700,2.238800,1
2023-03-07,sz.301377,22.3900000000,22.3900000000,21.2500000000,21.2600000000,3035600,65850280.3300,6.466000,1
2023-03-08,sz.301377,21.1500000000,21.6800000000,21.1500000000,21.6600000000,1531074,32739836.9600,3.261200,1
2023-03-09,sz.301377,21.7600000000,22.7000000000,21.4100000000,22.3900000000,3572088,79390734.9500,7.608700,1
2023-03-10,sz.301377,22.1500000000,22.9000000000,21.8800000000,22.3700000000,3202472,71501140.9000,6.821400,1
2023-03-13,sz.301377,22.3100000000,22.4400000000,21.8100000000,21.8900000000,1882243,41468944.4000,4.009300,1
2023-03-14,sz.301377,21.9900000000,21.9900000000,21.2000000000,21.5600000000,1972643,42351462.9500,4.201800,1
2023-03-15,sz.301377,21.7000000000,22.0900000000,21.5100000000,21.5900000000,1274200,27741482.6000,2.714100,1
2023-03-16,sz.301377,21.5000000000,21.6500000000,21.2100000000,21.2600000000,1050020,22470902.1300,2.236600,1
2023-03-17,sz.301377,21.5900000000,21.5900000000,21.2800000000,21.3900000000,1078890,23123600.9000,2.298100,1
2023-03-20,sz.301377,21.4200000000,21.9700000000,21.1500000000,21.7400000000,1697415,36704503.0500,3.615600,1
2023-03-21,sz.301377,21.7200000000,21.9500000000,21.6200000000,21.9000000000,1153209,25195600.5100,2.456400,1
2023-03-22,sz.301377,21.8400000000,22.4700000000,21.8400000000,22.3900000000,2364219,52678426.0600,5.035900,1
2023-03-23,sz.301377,22.4000000000,22.8200000000,22.2600000000,22.5600000000,2912536,65684449.9500,6.203800,1
2023-03-24,sz.301377,22.6000000000,22.7400000000,22.1800000000,22.2700000000,2046279,45729173.4500,4.358700,1
2023-03-27,sz.301377,22.2700000000,22.3800000000,21.9400000000,22.0800000000,1355517,29997942.5200,2.887300,1
2023-03-28,sz.301377,22.5000000000,22.6600000000,21.7300000000,21.7600000000,1494900,32965853.2500,3.184200,1
2023-03-29,sz.301377,21.6600000000,22.0000000000,21.6300000000,21.6500000000,1296844,28233373.8200,2.762300,1
2023-03-30,sz.301377,21.6800000000,21.7100000000,21.1500000000,21.2200000000,1958502,41704762.0800,4.171700,1
2023-03-31,sz.301377,21.3000000000,21.4300000000,21.1600000000,21.2700000000,1294500,27531314.0000,2.757300,1
2023-04-03,sz.301377,21.2900000000,21.5500000000,21.2500000000,21.4300000000,1394682,29835586.1200,2.970700,1
2023-04-04,sz.301377,21.4300000000,21.4300000000,20.4000000000,20.6000000000,3433056,71377050.3500,7.312500,1
2023-04-06,sz.301377,20.5700000000,21.2600000000,20.3300000000,21.2500000000,1980575,41584415.7500,4.218700,1
2023-04-07,sz.301377,21.3500000000,23.1300000000,21.3300000000,22.7800000000,7708271,173917458.6900,16.418900,1
2023-04-10,sz.301377,22.5800000000,22.8000000000,22.2400000000,22.4000000000,3546397,79594058.2100,7.554000,1
2023-04-11,sz.301377,22.2800000000,22.5900000000,21.8500000000,22.0500000000,2065325,45783602.0000,4.399200,1
2023-04-12,sz.301377,22.1000000000,22.7800000000,22.0500000000,22.6600000000,2858082,64170706.7800,6.087800,1
2023-04-13,sz.301377,22.6500000000,22.6800000000,21.9800000000,22.0100000000,2483233,55153439.7900,5.289400,1
2023-04-14,sz.301377,22.3500000000,22.9400000000,21.8800000000,22.8700000000,4252046,96124394.0000,9.057000,1
2023-04-17,sz.301377,22.4800000000,22.8000000000,22.1200000000,22.3500000000,2752800,61576909.0000,5.863600,1
2023-04-18,sz.301377,22.2500000000,22.3000000000,21.5000000000,21.8500000000,2520749,55103329.5500,5.369300,1
2023-04-19,sz.301377,21.7300000000,22.2000000000,21.7200000000,21.9200000000,1435000,31484813.0000,3.056600,1
2023-04-20,sz.301377,21.8600000000,21.9700000000,21.3100000000,21.4600000000,1858419,39968680.3800,3.958500,1
2023-04-21,sz.301377,21.5500000000,21.5600000000,20.5000000000,20.5700000000,2059303,42979840.3700,4.386400,1
2023-04-24,sz.301377,20.7200000000,20.8900000000,19.8600000000,19.9400000000,1848547,37133038.0000,3.937500,1
2023-04-25,sz.301377,20.0600000000,20.0600000000,17.1100000000,17.7300000000,5857051,106145678.5200,12.475800,1
2023-04-26,sz.301377,17.7200000000,18.3500000000,17.5900000000,17.9700000000,2291702,41404415.9400,4.881400,1
2023-04-27,sz.301377,18.1700000000,19.1900000000,18.1300000000,18.5500000000,2888875,54085478.2300,6.153400,1
2023-04-28,sz.301377,18.5000000000,18.9700000000,18.5000000000,18.9700000000,1536068,28914395.4400,3.271900,1
2023-05-04,sz.301377,18.9700000000,19.2300000000,18.6300000000,18.7500000000,1309900,24699898.0000,2.790100,1
2023-05-05,sz.301377,18.8900000000,18.8900000000,18.3500000000,18.4100000000,995625,18413319.6700,2.120700,1
2023-05-08,sz.301377,18.4300000000,18.7600000000,18.3500000000,18.3900000000,1214231,22395788.0900,2.586400,1
2023-05-09,sz.301377,18.4000000000,18.4900000000,17.8700000000,17.8700000000,1809624,32625586.3000,3.854600,1
2023-05-10,sz.301377,17.8100000000,18.1000000000,17.7600000000,18.0000000000,819057,14686421.7600,1.744600,1
2023-05-11,sz.301377,17.9800000000,18.2400000000,17.8800000000,18.1200000000,849525,15377629.5700,1.809500,1
2023-05-12,sz.301377,18.1500000000,18.7800000000,18.1500000000,18.6100000000,2032857,37673831.6100,4.330100,1
2023-05-15,sz.301377,18.5000000000,18.5900000000,18.0400000000,18.4300000000,1277454,23364840.4600,2.721000,1
2023-05-16,sz.301377,18.3300000000,18.5700000000,18.2300000000,18.3200000000,871663,16036316.9200,1.856700,1
2023-05-17,sz.301377,18.3700000000,18.7600000000,18.3300000000,18.6800000000,1162400,21632192.0000,2.476000,1
2023-05-18,sz.301377,18.8100000000,19.2800000000,18.6000000000,19.2800000000,2304905,43811153.2400,4.909500,1
2023-05-19,sz.301377,19.1100000000,19.9700000000,19.0400000000,19.7400000000,3177640,62508689.0800,6.768500,1
2023-05-22,sz.301377,19.5900000000,19.7100000000,18.9000000000,19.6300000000,4001129,77245100.2000,8.002300,1
2023-05-23,sz.301377,19.6300000000,20.1500000000,19.4300000000,19.8000000000,3134680,62299539.8100,6.269400,1
2023-05-24,sz.301377,19.7000000000,20.5100000000,19.5200000000,20.4500000000,3980554,80759250.4800,7.961100,1
2023-05-25,sz.301377,20.8000000000,21.4500000000,20.3300000000,20.6600000000,6013759,124883184.2900,12.027500,1
2023-05-26,sz.301377,20.7700000000,21.1500000000,19.9200000000,21.0800000000,5700300,117832855.7600,11.400600,1
2023-05-29,sz.301377,21.0700000000,21.5000000000,20.6000000000,20.6900000000,3376423,70743288.3800,6.752800,1
2023-05-30,sz.301377,20.5300000000,20.8400000000,20.1800000000,20.4000000000,3344460,68344620.1700,6.688900,1
2023-05-31,sz.301377,20.4800000000,21.2800000000,20.3200000000,21.1500000000,5111446,107404780.7400,10.222900,1
2023-06-01,sz.301377,22.5500000000,25.3800000000,22.4900000000,25.3800000000,19310840,476008693.8300,38.621700,1
2023-06-02,sz.301377,24.1800000000,24.6800000000,22.6000000000,22.6900000000,22068920,520690843.6100,44.137800,1
2023-06-05,sz.301377,22.2400000000,22.5000000000,21.8100000000,21.8400000000,10628771,233787032.0300,21.257500,1
2023-06-06,sz.301377,22.0400000000,22.2800000000,21.5600000000,21.5700000000,8723593,191273245.9900,17.447200,1
2023-06-07,sz.301377,21.4100000000,22.1700000000,21.2100000000,22.1200000000,6878631,149899242.1600,13.757300,1
2023-06-08,sz.301377,21.8700000000,21.8800000000,21.1500000000,21.6000000000,6128974,131873747.4200,12.257900,1
2023-06-09,sz.301377,21.3700000000,22.3600000000,21.0100000000,22.3500000000,8250145,179687603.4000,16.500300,1
2023-06-12,sz.301377,22.2200000000,23.9400000000,22.2000000000,23.0800000000,14243479,328101161.5700,28.487000,1
2023-06-13,sz.301377,23.1000000000,23.6700000000,22.8600000000,23.4700000000,10015466,233012998.1000,20.030900,1
2023-06-14,sz.301377,23.0100000000,23.4800000000,22.7700000000,23.4000000000,6474164,149956309.6500,12.948300,1
2023-06-15,sz.301377,23.3197500000,23.6106200000,22.6678000000,22.7279800000,5836256,133732776.4500,11.672500,1
2023-06-16,sz.301377,22.6678000000,23.2194500000,22.4672000000,23.1693000000,4897674,112018924.7800,9.795300,1
2023-06-19,sz.301377,23.0489400000,24.1321800000,22.8784300000,23.6607700000,8020941,188789341.7100,16.041900,1
2023-06-20,sz.301377,23.6708000000,23.6708000000,22.9285800000,23.2094200000,5711227,131792771.8100,11.422500,1
2023-06-21,sz.301377,23.0188500000,23.1693000000,22.4872600000,22.5775300000,3906045,88383774.7000,7.812100,1
2023-06-26,sz.301377,22.1663000000,22.7279800000,21.6848600000,21.7951900000,3501388,76609250.7700,7.002800,1
2023-06-27,sz.301377,21.7951900000,22.1763300000,21.7450400000,22.0860600000,2008173,44047982.7800,4.016300,1
2023-06-28,sz.301377,21.9757300000,22.0760300000,21.0028200000,21.9155500000,3975641,85257149.4500,7.951300,1
2023-06-29,sz.301377,21.6948900000,23.2194500000,21.6848600000,23.0088200000,4499731,102020065.5500,8.999500,1
2023-06-30,sz.301377,22.8282800000,23.3598700000,22.5875600000,23.0690000000,3318572,76092663.0100,6.637100,1
2023-07-03,sz.301377,22.9185500000,23.2696000000,22.0660000000,22.4972900000,3117089,70517083.8100,6.234200,1
2023-07-04,sz.301377,22.4772300000,23.2495400000,22.4170500000,22.9586700000,3178624,72729417.8800,6.357200,1
2023-07-05,sz.301377,22.7179500000,22.9285800000,22.3869600000,22.4270800000,2103151,47381179.0100,4.206300,1
2023-07-06,sz.301377,22.4371100000,23.1592700000,22.2766300000,23.1191500000,4979484,113962531.8900,9.959000,1
2023-07-07,sz.301377,23.0690000000,24.1923600000,22.5675000000,23.9817300000,11151065,261989494.0900,22.302100,1
2023-07-10,sz.301377,23.7811300000,24.2224500000,23.3598700000,24.2023900000,7831877,185002148.7800,15.663800,1
2023-07-11,sz.301377,24.0619700000,24.6236500000,23.5905600000,23.6607700000,6942380,165802618.4700,13.884800,1
2023-07-12,sz.301377,23.4802300000,23.6908600000,22.8583700000,22.9486400000,5458028,126406332.7300,10.916100,1
2023-07-13,sz.301377,23.1291800000,24.5534400000,22.8984900000,24.5534400000,10118072,242108489.1800,20.236100,1
2023-07-14,sz.301377,24.8643700000,27.9435800000,24.4431100000,26.2685700000,19387519,505612819.1700,38.775000,1
2023-07-17,sz.301377,25.9877300000,27.3518100000,25.0950600000,25.2354800000,14139044,366910148.7500,28.278100,1
2023-07-18,sz.301377,25.1351800000,26.9205200000,24.4932600000,24.9345800000,11792012,300273095.7000,23.584000,1
2023-07-19,sz.301377,24.8142200000,25.0649700000,23.8212500000,24.0118200000,9335331,225100337.8000,18.670700,1
2023-07-20,sz.301377,23.9416100000,23.9917600000,22.2164500000,22.2264800000,8245000,187933725.8400,16.490000,1
2023-07-21,sz.301377,22.2264800000,22.4471400000,21.2636000000,21.2636000000,5100213,110674528.4400,10.200400,1
2023-07-24,sz.301377,21.2636000000,21.4240800000,20.7119500000,20.8323100000,3702650,77434458.7400,7.405300,1
2023-07-25,sz.301377,21.0128500000,21.2234800000,20.7420400000,21.1432400000,3282340,68726835.6000,6.564700,1
2023-07-26,sz.301377,21.0630000000,21.0630000000,20.3609000000,20.4311100000,3627053,74379389.5000,7.254100,1
2023-07-27,sz.301377,20.3709300000,20.5514700000,20.2806600000,20.3609000000,2013670,40960400.7000,4.027300,1
2023-07-28,sz.301377,20.2606000000,20.5715300000,20.1302100000,20.4612000000,1938079,39342648.4700,3.876200,1
2023-07-31,sz.301377,20.3809600000,20.6116500000,20.2806600000,20.4311100000,1792641,36549057.9700,3.585300,1
2023-08-01,sz.301377,20.4411400000,20.5314100000,19.9897900000,20.2706300000,1965394,39554643.5400,3.930800,1
2023-08-02,sz.301377,20.3408400000,20.5715300000,20.1703300000,20.5514700000,1916345,39034782.7500,3.832700,1
2023-08-03,sz.301377,20.4612000000,20.7119500000,20.3609000000,20.6818600000,2011972,41222869.7200,4.023900,1
2023-08-04,sz.301377,20.7219800000,20.7621000000,20.3909900000,20.4612000000,2392868,48935938.5600,4.785700,1
2023-08-07,sz.301377,20.3408400000,20.5013200000,20.1101500000,20.3107500000,1736350,35092824.1000,3.472700,1
2023-08-08,sz.301377,20.3508700000,20.7420400000,20.1903900000,20.5213800000,1714300,35018160.3800,3.428600,1
2023-08-09,sz.301377,20.5013200000,20.5213800000,20.2204800000,20.4311100000,1431255,29022534.1000,2.862500,1
2023-08-10,sz.301377,20.3809600000,20.8624000000,20.3207800000,20.7320100000,2247090,46314392.9200,4.494200,1
2023-08-11,sz.301377,20.8122500000,21.5444400000,20.6016200000,21.1432400000,4768618,100429121.1300,9.537200,1
2023-08-14,sz.301377,20.9426400000,21.8052200000,20.8624000000,21.8052200000,4572031,97554015.8300,9.144100,1
2023-08-15,sz.301377,21.7550700000,21.7651000000,21.1733300000,21.4742300000,3424149,73000302.2000,6.848300,1
2023-08-16,sz.301377,21.4842600000,21.4942900000,20.1603000000,20.1903900000,3863759,79985607.1900,7.727500,1
2023-08-17,sz.301377,20.0499700000,20.4210800000,19.4481700000,20.3107500000,2741548,54483712.4400,5.483100,1
2023-08-18,sz.301377,20.2706300000,21.5043200000,20.2204800000,21.1633000000,5421602,114044813.8300,10.843200,1
2023-08-21,sz.301377,21.0630000000,21.1833600000,20.8423400000,20.9225800000,2126989,44418700.9200,4.254000,1
2023-08-22,sz.301377,21.2335100000,21.2435400000,19.8092500000,20.4411400000,3991210,80630239.5700,7.982400,1
2023-08-23,sz.301377,20.2204800000,20.6016200000,19.8594000000,20.2606000000,2290447,46173650.2300,4.580900,1
2023-08-24,sz.301377,20.2505700000,20.3609000000,19.5885900000,19.7591000000,1943500,38585912.8200,3.887000,1
2023-08-25,sz.301377,19.6086500000,19.6086500000,18.7360400000,18.8062500000,3075447,58608860.6500,6.150900,1
2023-08-28,sz.301377,19.9697300000,20.2906900000,18.7460700000,18.7962200000,2426080,47171738.5100,4.852200,1
2023-08-29,sz.301377,18.7561000000,20.2104500000,18.7561000000,20.1201800000,3324999,65739593.2600,6.650000,1
2023-08-30,sz.301377,20.1402400000,21.1933900000,20.1402400000,20.6718300000,3455500,71447189.0000,6.911000,1
2023-08-31,sz.301377,20.6618000000,21.2435400000,20.4110500000,21.1131500000,2719795,56874417.3600,5.439600,1
2023-09-01,sz.301377,21.1031200000,21.1031200000,20.7219800000,20.7921900000,1783915,37177491.1700,3.567800,1
2023-09-04,sz.301377,20.8724300000,21.0429400000,20.5213800000,20.9125500000,1649500,34088117.0000,3.299000,1
2023-09-05,sz.301377,20.9125500000,21.2435400000,20.7219800000,20.8222800000,2048410,42853497.5000,4.096800,1
2023-09-06,sz.301377,20.7420400000,21.1733300000,20.7420400000,21.1633000000,1863428,39080237.5600,3.726900,1
2023-09-07,sz.301377,21.1633000000,21.2134500000,20.6216800000,20.6517700000,1408100,29282384.0000,2.816200,1
2023-09-08,sz.301377,20.9125500000,21.0630000000,20.6517700000,20.8323100000,1599445,33258547.8000,3.198900,1
2023-09-11,sz.301377,20.8323100000,20.9426400000,20.5414400000,20.5815600000,1772383,36568761.0900,3.544800,1
2023-09-12,sz.301377,20.6417400000,20.7420400000,20.2606000000,20.4411400000,1600000,32621894.6000,3.200000,1
2023-09-13,sz.301377,20.5615000000,20.5615000000,19.7089500000,20.0098500000,2149657,42811904.6400,4.299300,1
2023-09-14,sz.301377,20.0198800000,20.1803600000,19.4782600000,19.6086500000,1269631,24940754.8800,2.539300,1
2023-09-15,sz.301377,19.7591000000,19.8995200000,19.3679300000,19.3779600000,1552885,30315268.2900,3.105800,1
2023-09-18,sz.301377,19.3879900000,20.0499700000,19.2776600000,19.5685300000,1336618,26240851.7300,2.673200,1
2023-09-19,sz.301377,19.6287100000,19.6287100000,19.0269100000,19.0269100000,1433172,27430923.0200,2.866300,1
2023-09-20,sz.301377,19.0269100000,19.2375400000,18.8564000000,18.8564000000,1164551,22063517.9900,2.329100,1
2023-09-21,sz.301377,19.0670300000,19.0670300000,18.7661300000,18.7962200000,898195,16904103.8500,1.796400,1
2023-09-22,sz.301377,18.7661300000,19.4281100000,18.6758600000,19.3579000000,1492759,28510114.8500,2.985500,1
2023-09-25,sz.301377,19.5585000000,19.7490700000,19.2676300000,19.3077500000,1078500,20934064.0000,2.157000,1
2023-09-26,sz.301377,19.2275100000,19.6387400000,19.1873900000,19.4281100000,1320590,25575268.1500,2.641200,1
2023-09-27,sz.301377,19.3779600000,19.9496700000,19.3679300000,19.6888900000,1879940,37051926.3000,3.759900,1
2023-09-28,sz.301377,19.6888900000,19.9897900000,19.5484700000,19.7490700000,1445508,28406713.0300,2.891000,1
2023-10-09,sz.301377,19.7189800000,19.7591000000,19.5083500000,19.5785600000,1019106,19920122.3600,2.038200,1
2023-10-10,sz.301377,19.6186800000,19.7791600000,19.4080500000,19.4180800000,989966,19297651.7200,1.979900,1
2023-10-11,sz.301377,19.6287100000,22.2666000000,19.3478700000,21.4240800000,8515625,178074583.5700,17.031300,1
2023-10-12,sz.301377,21.1733300000,21.5043200000,20.7520700000,21.0830600000,4852570,102129620.3000,9.705100,1
2023-10-13,sz.301377,20.9827600000,21.2435400000,20.6818600000,20.9727300000,3108789,64975583.8800,6.217600,1
2023-10-16,sz.301377,20.8824600000,20.9025200000,20.1603000000,20.5414400000,3088956,62976702.8000,6.177900,1
2023-10-17,sz.301377,20.5414400000,20.7320100000,20.0800600000,20.6918900000,2890791,58827168.9000,5.781600,1
2023-10-18,sz.301377,20.6317100000,20.6317100000,19.3980200000,19.4582000000,3235601,63545966.6300,6.471200,1
2023-10-19,sz.301377,19.3579000000,19.8594000000,19.2977200000,19.5183800000,1991147,38891653.8000,3.982300,1
2023-10-20,sz.301377,19.4582000000,19.6086500000,18.7661300000,18.8062500000,1954070,37090864.3000,3.908100,1
2023-10-23,sz.301377,18.8263100000,18.8263100000,17.5725600000,17.7531000000,2130225,38295826.9300,4.260500,1
2023-10-24,sz.301377,17.7731600000,18.5956200000,17.7531000000,18.4451700000,1819800,33179281.0000,3.639600,1
2023-10-25,sz.301377,18.7761600000,18.9567000000,18.4652300000,18.6758600000,1365300,25431313.0000,2.730600,1
2023-10-26,sz.301377,18.5555000000,19.0570000000,18.2546000000,18.7561000000,1377800,25501254.6000,2.755600,1
2023-10-27,sz.301377,18.7661300000,21.0429400000,18.7661300000,20.5213800000,6329671,127717429.8600,12.659300,1
2023-10-30,sz.301377,20.5213800000,21.1231800000,20.2906900000,20.9326100000,3889237,80475574.2000,7.778500,1
2023-10-31,sz.301377,20.9526700000,21.9155500000,20.9526700000,21.6648000000,6072823,130674123.7700,12.145600,1
2023-11-01,sz.301377,21.5645000000,21.7049200000,21.1733300000,21.5645000000,2900019,62033426.4700,5.800000,1
2023-11-02,sz.301377,21.6246800000,22.0258800000,20.6918900000,20.9225800000,2956980,62505691.7300,5.914000,1
2023-11-03,sz.301377,21.1332100000,21.5645000000,20.8222800000,21.1933900000,2751698,58292726.5200,5.503400,1
2023-11-06,sz.301377,21.3538700000,23.3699000000,21.3538700000,22.8684000000,9106116,208608125.6000,18.212200,1
2023-11-07,sz.301377,22.8684000000,23.7711000000,22.5574700000,22.7781300000,5308300,121990998.4800,10.616600,1
2023-11-08,sz.301377,22.6477400000,23.0489400000,22.4471400000,22.6577700000,2793294,63270887.2100,5.586600,1
2023-11-09,sz.301377,22.5675000000,22.8684000000,22.1963900000,22.3167500000,2345782,52611703.4700,4.691600,1
2023-11-10,sz.301377,22.1362100000,22.4371100000,21.7651000000,21.9957900000,1527598,33544591.5600,3.055200,1
2023-11-13,sz.301377,21.8453400000,22.7279800000,21.8453400000,22.5073200000,2526095,56431363.8000,5.052200,1
2023-11-14,sz.301377,22.3669000000,22.8984900000,22.2766300000,22.8684000000,2186765,49497459.0500,4.373500,1
2023-11-15,sz.301377,23.3899600000,24.0519400000,22.9085200000,23.2395100000,4226580,98616668.5500,8.453200,1
2023-11-16,sz.301377,23.1191500000,23.3197500000,22.4070200000,22.4571700000,2362370,53553855.9000,4.724700,1
2023-11-17,sz.301377,22.2565700000,22.5574700000,22.0860600000,22.3669000000,2404710,53531409.4000,4.809400,1
2023-11-20,sz.301377,22.3669000000,22.8483400000,22.1362100000,22.7580700000,2194561,49231668.1100,4.389100,1
2023-11-21,sz.301377,22.5875600000,22.8583700000,22.1863600000,22.2966900000,1928900,42992726.0000,3.857800,1
2023-11-22,sz.301377,22.4672000000,22.4672000000,21.3639000000,21.4140500000,2509774,54542764.0900,3.533700,1
2023-11-23,sz.301377,21.2335100000,21.6347100000,21.0630000000,21.3137500000,2887705,61447174.1000,4.065800,1
2023-11-24,sz.301377,21.2435400000,21.2435400000,20.4511700000,20.5113500000,3093113,63880369.2000,4.355000,1
2023-11-27,sz.301377,20.4612000000,20.7119500000,20.2004200000,20.2606000000,2265159,45961402.9000,3.189300,1
2023-11-28,sz.301377,20.3809600000,20.7420400000,20.1001200000,20.6216800000,1978031,40471027.0600,2.785000,1
2023-11-29,sz.301377,20.7119500000,20.8423400000,20.4812600000,20.6116500000,1679666,34498622.1500,2.364900,1
2023-11-30,sz.301377,20.6823762500,20.8238287500,20.2075000000,20.6621687500,2433853,49348401.6900,3.426800,1
2023-12-01,sz.301377,20.6217537500,20.7834137500,20.2883300000,20.7025837500,2077565,42260739.6900,2.925200,1
2023-12-04,sz.301377,20.7328950000,21.6119212500,20.7328950000,21.1673562500,5014634,105275115.5400,7.060500,1
2023-12-05,sz.301377,20.9955925000,21.0562150000,20.4600937500,20.7126875000,3471000,71191450.0000,4.887100,1
2023-12-06,sz.301377,20.8440362500,21.2784975000,20.4095750000,21.0966300000,2753200,56986460.3800,3.876400,1
2023-12-07,sz.301377,20.9349700000,21.2683937500,20.5813387500,20.9349700000,1930941,39913704.9900,2.718700,1
2023-12-08,sz.301377,20.8844512500,21.1875637500,20.5308200000,20.5308200000,2027904,41660295.6100,2.855200,1
2023-12-11,sz.301377,20.3994712500,21.3694312500,20.3085375000,21.2987050000,3312119,68913041.9200,4.663400,1
2023-12-12,sz.301377,21.3391200000,21.3795350000,20.8339325000,21.1572525000,1960831,40922540.7000,2.760800,1
2023-12-13,sz.301377,21.1067337500,21.3997425000,20.9147625000,21.0056962500,2298695,48176320.6800,3.236500,1
2023-12-14,sz.301377,20.9854887500,21.3694312500,20.3994712500,20.5207162500,3307695,67796494.0500,4.657200,1
2023-12-15,sz.301377,20.5207162500,20.7429987500,20.2277075000,20.4095750000,1798866,36308318.6200,2.532800,1
2023-12-18,sz.301377,20.3590562500,20.5409237500,20.1367737500,20.1670850000,1602505,32181125.1100,2.256300,1
2023-12-19,sz.301377,20.3590562500,20.7632062500,20.0155287500,20.6419612500,2222908,45071616.4100,3.129800,1
2023-12-20,sz.301377,20.6116500000,21.6119212500,20.5813387500,21.1673562500,4786346,100942757.3100,6.739100,1
2023-12-21,sz.301377,21.1572525000,22.0160712500,21.1572525000,21.8038925000,5255662,112637737.5400,7.399800,1
2023-12-22,sz.301377,21.8038925000,23.1577950000,21.4300537500,21.9756562500,7469534,164602550.3600,10.516900,1
2023-12-25,sz.301377,21.7634775000,22.8647862500,21.7634775000,22.5919850000,4943833,109939742.5700,6.960800,1
2023-12-26,sz.301377,22.3191837500,23.6023600000,21.7634775000,22.0261750000,9279634,208117502.7800,13.065500,1
2023-12-27,sz.301377,21.8645150000,22.7031262500,21.7230625000,22.6627112500,6280383,139014093.2200,8.842600,1
2023-12-28,sz.301377,22.4303250000,23.7135012500,22.3798062500,23.2386250000,6450204,148422852.8100,9.081700,1
2023-12-29,sz.301377,22.9860312500,24.6329425000,22.9153050000,23.8953687500,7663810,181513554.2200,10.790500,1
2024-01-02,sz.301377,23.8246425000,24.4914900000,23.5417375000,23.9357837500,5417231,128604944.0900,7.627300,1
2024-01-03,sz.301377,23.9155762500,23.9155762500,22.6425037500,22.7435412500,6296152,143721378.8100,8.864800,1
2024-01-04,sz.301377,22.8041637500,23.4407000000,22.3090800000,22.5919850000,5603430,126386511.5800,7.889500,1
2024-01-05,sz.301377,22.6222962500,23.7943312500,22.3595987500,22.7233337500,7467154,170616554.3500,10.513600,1
2024-01-08,sz.301377,22.8142675000,22.9153050000,21.4603650000,21.6725437500,5480370,119427035.7000,7.716200,1
2024-01-09,sz.301377,21.7331662500,22.5111550000,21.4805725000,21.7331662500,3540140,76883681.7000,4.984400,1
2024-01-10,sz.301377,21.7937887500,21.7937887500,20.7126875000,20.7935175000,3971586,83339880.1600,5.591900,1
2024-01-11,sz.301377,20.7328950000,21.3391200000,20.5611312500,21.1168375000,2926500,60837604.0000,4.120400,1
2024-01-12,sz.301377,21.0562150000,21.1976675000,20.5914425000,20.7328950000,2783300,57325950.0000,3.918800,1
2024-01-15,sz.301377,20.7025837500,20.8137250000,20.3186412500,20.5914425000,1861154,37843161.8700,2.620500,1
2024-01-16,sz.301377,20.5813387500,20.7126875000,20.1569812500,20.4600937500,1842843,37162771.6500,2.594700,1
2024-01-17,sz.301377,20.4095750000,20.4095750000,19.7932462500,19.7932462500,1633719,32563763.1400,2.300200,1
2024-01-18,sz.301377,19.5103412500,20.0155287500,19.1567100000,19.7023125000,2810836,54456223.0000,3.957600,1
2024-01-19,sz.301377,19.7427275000,19.9650100000,19.0253612500,19.0253612500,2774536,53346679.8800,3.906500,1
2024-01-22,sz.301377,19.0960875000,19.1061912500,17.6815625000,17.7320812500,3854203,70104163.4600,5.426600,1
2024-01-23,sz.301377,17.6411475000,18.0554012500,17.2471012500,17.5805250000,3547154,61772339.9300,4.994300,1
2024-01-24,sz.301377,17.7522887500,17.9543637500,16.9945075000,17.8331187500,2995571,51879978.4300,4.217700,1
2024-01-25,sz.301377,17.7623925000,18.5201737500,17.6108362500,18.4797587500,2968822,53459593.3800,4.180000,1
2024-01-26,sz.301377,18.4191362500,18.6111075000,17.8028075000,17.8432225000,2763446,49572612.0400,3.890900,1
2024-01-29,sz.301377,17.8634300000,18.1160237500,17.2875162500,17.2875162500,2241258,38749536.4200,3.155600,1
2024-01-30,sz.301377,17.1258562500,17.1965825000,16.4893200000,16.5297350000,2334549,38923275.7000,3.287000,1
2024-01-31,sz.301377,16.7217062500,16.7722250000,15.7012275000,15.7214350000,2416400,38610987.0000,3.402200,1
2024-02-01,sz.301377,15.7214350000,16.0346512500,15.3678037500,15.5496712500,1934596,30046195.6800,2.723900,1
2024-02-02,sz.301377,15.5799825000,15.7618500000,13.7512037500,14.6908525000,3849726,56693944.5600,5.420300,1
2024-02-05,sz.301377,14.2968062500,14.5190887500,12.6296875000,12.9125925000,4221170,56052163.7000,5.943300,1
2024-02-06,sz.301377,12.6802062500,14.0644200000,11.9325287500,13.7613075000,4897599,62941390.6200,6.895700,1
2024-02-07,sz.301377,13.9431750000,14.7211637500,13.3066387500,13.7107887500,5010069,69857843.0000,7.054100,1
2024-02-08,sz.301377,13.5188175000,15.7315387500,13.5188175000,15.6203975000,6649956,96010821.1800,9.363000,1
2024-02-19,sz.301377,15.6203975000,16.3478675000,15.6203975000,16.1862075000,4933558,78306432.7700,6.946300,1
2024-02-20,sz.301377,15.9134062500,16.0548587500,15.5698787500,15.8628875000,2435541,38035999.1500,3.429200,1
2024-02-21,sz.301377,15.8628875000,16.4994237500,15.6001900000,15.8729912500,3249750,51840124.7800,4.575600,1
2024-02-22,sz.301377,15.9336137500,16.4084900000,15.8628875000,16.2569337500,2996391,47993577.9000,4.218800,1
2024-02-23,sz.301377,16.1660000000,17.1561675000,16.1255850000,17.1359600000,3922023,64668541.0400,5.522100,1
2024-02-26,sz.301377,18.7929750000,18.7929750000,17.4087612500,18.1867500000,7070771,125796198.2400,9.955500,1
2024-02-27,sz.301377,17.8331187500,18.7626637500,17.5805250000,18.5807962500,4941578,88478758.2200,6.957600,1
2024-02-28,sz.301377,18.6010037500,19.1668137500,16.8934700000,16.9035737500,5951108,106772098.3000,8.379000,1
2024-02-29,sz.301377,16.9035737500,18.4393437500,16.9035737500,18.3383062500,4624315,81357558.1100,6.510900,1
2024-03-01,sz.301377,18.3383062500,18.8131825000,18.1867500000,18.4393437500,5410066,98989284.1100,7.617200,1
2024-03-04,sz.301377,18.4696550000,18.6717300000,17.7826000000,18.1059200000,3418495,61134905.1700,4.813200,1
2024-03-05,sz.301377,18.3484100000,18.6616262500,17.9038450000,18.1261275000,3438206,62353546.2600,4.840900,1
2024-03-06,sz.301377,18.0857125000,18.6212112500,17.8230150000,18.3787212500,3227596,58346479.9500,4.544400,1
2024-03-07,sz.301377,18.4595512500,19.6517937500,18.3888250000,18.8738050000,5788505,108975544.3500,8.150100,1
2024-03-08,sz.301377,18.6818337500,19.8639725000,18.3585137500,19.8134537500,5514340,104340073.2000,7.764100,1
2024-03-11,sz.301377,19.3992000000,19.5002375000,18.8030787500,19.1971250000,6205330,116876178.1800,8.736900,1
2024-03-12,sz.301377,19.0758800000,19.3284737500,18.7020412500,18.9546350000,3886620,73218475.6300,5.472300,1
2024-03-13,sz.301377,18.8232862500,19.0960875000,18.8131825000,18.8637012500,2759623,51734037.7900,3.885500,1
2024-03-14,sz.301377,18.8030787500,19.0960875000,18.4393437500,18.7828712500,2416157,44961762.8100,3.401900,1
2024-03-15,sz.301377,18.7828712500,19.1466062500,18.6414187500,19.0354650000,2097041,39431500.6600,2.952600,1
2024-03-18,sz.301377,19.1162950000,20.6116500000,19.1162950000,20.2378112500,5995262,118740500.0300,8.441200,1
2024-03-19,sz.301377,20.3691600000,20.4297825000,20.0054250000,20.0963587500,3418737,68140168.8000,4.813500,1
2024-03-20,sz.301377,19.8942837500,20.6520650000,19.8942837500,20.2277075000,3506428,70501008.4000,4.937000,1
2024-03-21,sz.301377,20.2176037500,20.3186412500,19.8033500000,20.0458400000,1850676,36729903.9900,2.605700,1
2024-03-22,sz.301377,19.8134537500,20.1165662500,19.6720012500,19.9144912500,1769646,34785810.7600,2.491600,1
2024-03-25,sz.301377,19.9852175000,20.4701975000,19.6113787500,19.6517937500,3243770,64414357.8000,4.567100,1
2024-03-26,sz.301377,19.8639725000,19.9549062500,19.1668137500,19.6416900000,2714369,52640548.7800,3.821800,1
2024-03-27,sz.301377,19.7326237500,19.8942837500,18.8333900000,19.1365025000,2771548,52916262.7900,3.902300,1
2024-03-28,sz.301377,19.0051537500,19.8942837500,19.0051537500,19.5507562500,3144960,60880541.3000,4.428000,1
2024-03-29,sz.301377,19.5507562500,19.6821050000,19.0051537500,19.4295112500,1906738,36490851.6000,2.684600,1
2024-04-01,sz.301377,19.4901337500,20.2176037500,19.3992000000,20.1266700000,2900567,57194149.3000,4.083900,1
2024-04-02,sz.301377,20.1569812500,20.6116500000,20.0256325000,20.2681225000,2574629,51977934.3900,3.625000,1
2024-04-03,sz.301377,20.3388487500,20.3388487500,19.6315862500,20.0357362500,1785213,35238780.5900,2.513500,1
2024-04-08,sz.301377,20.0256325000,20.3388487500,19.6720012500,19.8639725000,1798254,35678404.2900,2.531900,1
2024-04-09,sz.301377,19.8639725000,20.0660475000,19.6922087500,19.9245950000,916017,17968600.3200,1.289700,1
2024-04-10,sz.301377,20.1670850000,21.4704687500,20.1064625000,20.6823762500,4915483,101037056.1500,6.920900,1
2024-04-11,sz.301377,20.4095750000,21.2178750000,20.0054250000,20.4297825000,4063571,82746076.4000,5.721400,1
2024-04-12,sz.301377,20.4297825000,21.1370450000,20.0761512500,20.0862550000,2881356,58488368.0400,4.056900,1
2024-04-15,sz.301377,19.9043875000,20.2075000000,18.6919375000,19.0657762500,3875832,74386172.1400,5.457100,1
2024-04-16,sz.301377,19.0051537500,19.4093037500,17.7118737500,17.7522887500,2378739,43081749.1000,3.349200,1
2024-04-17,sz.301377,17.8937412500,19.6821050000,17.8937412500,19.3992000000,2756591,52332030.3800,3.881200,1
2024-04-18,sz.301377,19.1971250000,19.2678512500,18.2069575000,18.3282025000,3452883,63562520.1000,4.861600,1
2024-04-19,sz.301377,18.1968537500,18.4595512500,17.8836375000,18.1867500000,1512840,27180823.3500,2.130000,1
2024-04-22,sz.301377,18.0048825000,19.2476437500,17.6916662500,18.7020412500,2381078,44050551.4500,3.352500,1
2024-04-23,sz.301377,18.9445312500,18.9445312500,18.4999662500,18.7626637500,1096138,20280958.2900,1.543300,1
2024-04-24,sz.301377,18.7121450000,19.6618975000,18.5403812500,19.6214825000,2686729,51489276.0700,3.782800,1
2024-04-25,sz.301377,19.5709637500,19.7528312500,19.4497187500,19.5608600000,1347200,26181395.0000,1.896800,1
2024-04-26,sz.301377,19.1971250000,19.1971250000,17.7017700000,18.0452975000,5888145,106881843.9200,8.290400,1
2024-04-29,sz.301377,17.9947787500,19.2678512500,17.9947787500,18.9445312500,3915501,72702575.0900,5.512900,1
2024-04-30,sz.301377,18.7020412500,19.1769175000,18.6010037500,18.7222487500,1576100,29312244.0000,2.219100,1
2024-05-06,sz.301377,19.0051537500,19.1263987500,18.7121450000,18.9445312500,2276238,42619278.0800,3.204900,1
2024-05-07,sz.301377,18.9142200000,19.5608600000,18.7828712500,19.0859837500,2750858,52417493.8900,3.873100,1
2024-05-08,sz.301377,19.0657762500,19.2274362500,18.4797587500,18.5302775000,2197958,40840701.3700,3.094700,1
2024-05-09,sz.301377,18.6818337500,19.1162950000,18.5909000000,18.8839087500,1989803,37298643.0300,2.801600,1
2024-05-10,sz.301377,19.0556725000,19.0657762500,17.8331187500,17.9442600000,4024956,72508070.9300,5.667000,1
2024-05-13,sz.301377,17.7623925000,17.8331187500,17.1864787500,17.2471012500,2562724,44388989.2000,3.608300,1
2024-05-14,sz.301377,17.3481387500,17.6714587500,17.0248187500,17.2471012500,2413801,41449909.3500,3.398600,1
2024-05-15,sz.301377,17.2572050000,17.4996950000,17.0652337500,17.1258562500,1522400,26025878.6000,2.143500,1
2024-05-16,sz.301377,17.3077237500,17.8836375000,17.0248187500,17.0248187500,2897600,49594688.5900,4.079700,1
2024-05-17,sz.301377,17.0854412500,18.3484100000,16.9945075000,17.7826000000,5020687,88071880.5500,7.069000,1
2024-05-20,sz.301377,17.8230150000,17.8230150000,17.3077237500,17.4390725000,3047370,52736106.1000,4.290600,1
2024-05-21,sz.301377,17.3784500000,17.5300062500,17.1965825000,17.3279312500,1314580,22532448.5000,1.850900,1
2024-05-22,sz.301377,17.3582425000,17.5199025000,17.1763750000,17.4390725000,1317200,22648112.0000,1.854600,1
2024-05-23,sz.301377,17.4491762500,17.5097987500,17.0046112500,17.0652337500,2047559,34865975.3700,2.882900,1
2024-05-24,sz.301377,17.0349225000,17.1561675000,16.7722250000,16.8429512500,1464818,24515482.5200,2.062400,1
2024-05-27,sz.301377,16.8732625000,16.9439887500,16.3579712500,16.8833662500,1811210,29744919.9000,2.550100,1
2024-05-28,sz.301377,16.8328475000,17.0551300000,16.6913950000,16.7217062500,1530185,25519214.7300,2.154500,1
2024-05-29,sz.301377,16.6711875000,16.8833662500,16.5297350000,16.6711875000,1277356,21111505.4000,1.798500,1
2024-05-30,sz.301377,16.6711875000,16.8227437500,16.3882825000,16.6509800000,1366939,22564315.7300,1.924600,1
2024-05-31,sz.301377,16.6610837500,16.9237812500,16.6610837500,16.8833662500,1445895,24123412.6000,2.035800,1
2024-06-03,sz.301377,16.9540925000,17.0753375000,16.3882825000,16.5600462500,1449619,23940698.0500,2.041000,1
2024-06-04,sz.301377,16.3983862500,16.6105650000,15.8426800000,16.0245475000,2561940,40545504.9000,3.607100,1
2024-06-05,sz.301377,16.0144437500,16.0245475000,15.6709162500,15.6709162500,1900282,29810879.9900,2.675500,1
2024-06-06,sz.301377,15.7618500000,16.3074525000,15.2364550000,15.3071812500,2826370,43624251.7000,3.979500,1
2024-06-07,sz.301377,15.4587375000,15.8224725000,15.3273887500,15.5698787500,2107094,32471487.4800,2.966700,1
2024-06-11,sz.301377,15.4284262500,16.1154812500,15.2667662500,16.0952737500,2824344,44033833.1300,3.976600,1
2024-06-12,sz.301377,16.0548587500,16.3983862500,15.5597750000,16.3478675000,2743170,44191411.2000,3.862300,1
2024-06-13,sz.301377,16.6004612500,16.6004612500,16.0447550000,16.3579712500,2510872,40599349.3000,3.535200,1
2024-06-14,sz.301377,16.3579712500,17.2673087500,15.9639250000,16.6610837500,5420100,89241266.0000,7.631400,1
2024-06-17,sz.301377,16.6004612500,17.8836375000,16.4590087500,17.5401100000,7132359,122055096.4500,10.042200,1
2024-06-18,sz.301377,17.4693837500,17.8533262500,17.2976200000,17.7826000000,5088379,88836682.0300,7.164300,1
2024-06-19,sz.301377,17.6310437500,18.6414187500,17.6209400000,18.2170612500,6916478,124855082.0500,9.738200,1
2024-06-20,sz.301377,18.0250900000,18.4494475000,17.8129112500,17.8634300000,3951131,70557686.7700,5.563100,1
2024-06-21,sz.301377,17.8533262500,17.8533262500,17.2875162500,17.6411475000,2834031,49464845.9500,3.990200,1
2024-06-24,sz.301377,17.4794875000,17.9846750000,16.6105650000,16.7217062500,3233200,54982129.0000,4.552300,1
2024-06-25,sz.301377,16.7621212500,17.1258562500,16.3983862500,16.6610837500,2998100,49692859.0000,4.221200,1
2024-06-26,sz.301377,16.5095275000,17.3178275000,16.2771412500,17.3178275000,3709361,62056338.0100,5.222700,1
2024-06-27,sz.301377,17.1258562500,17.8634300000,17.0854412500,17.2167900000,4578593,79042109.0100,6.446500,1
2024-06-28,sz.301377,16.9035737500,18.0756087500,16.9035737500,17.7320812500,5684967,99974887.5200,8.004300,1
2024-07-01,sz.301377,17.7522887500,17.9442600000,16.7823287500,17.0854412500,4101700,69453045.0000,5.775100,1
2024-07-02,sz.301377,17.0147150000,17.1460637500,16.4388012500,16.6812912500,4054716,66817480.4600,5.708900,1
2024-07-03,sz.301377,16.6004612500,16.6913950000,16.1660000000,16.2165187500,2659121,42971012.5200,3.744000,1
2024-07-04,sz.301377,16.1660000000,16.5499425000,15.7517462500,15.8325762500,3152308,50177013.2000,4.438400,1
2024-07-05,sz.301377,15.7416425000,16.2468300000,15.3475962500,16.0043400000,2386225,37137526.4000,3.359700,1
2024-07-08,sz.301377,15.8628875000,19.1971250000,15.8123687500,17.3784500000,11665433,202411895.0200,16.424600,1
2024-07-09,sz.301377,17.6815625000,18.6919375000,16.8934700000,18.3180987500,13406315,235406627.9500,18.875800,1
2024-07-10,sz.301377,17.9745712500,19.5507562500,17.7826000000,19.0354650000,16369527,306330890.0500,23.047900,1
2024-07-11,sz.301377,19.2173325000,20.1569812500,18.7727675000,19.6214825000,14510543,280716934.1900,20.430500,1
2024-07-12,sz.301377,19.2678512500,19.4699262500,18.9950500000,19.1668137500,7859650,149496647.0000,11.066200,1
2024-07-15,sz.301377,19.0960875000,19.5810675000,18.4898625000,18.7323525000,5255794,97603931.6400,7.400000,1
2024-07-16,sz.301377,18.7323525000,19.3992000000,18.4090325000,18.9748425000,5447124,101619114.7600,7.669400,1
2024-07-17,sz.301377,18.7929750000,18.9445312500,18.2675800000,18.3282025000,3908037,71621359.5800,5.502400,1
2024-07-18,sz.301377,17.6815625000,18.1059200000,16.7621212500,17.0753375000,8308657,141472555.1800,11.698400,1
2024-07-19,sz.301377,16.8631587500,17.3077237500,16.7318100000,17.1864787500,3469350,58666609.0000,4.884800,1
2024-07-22,sz.301377,17.0753375000,18.0554012500,16.9439887500,17.9846750000,5285191,91615729.9700,7.441400,1
2024-07-23,sz.301377,17.8230150000,18.1867500000,17.4895912500,17.5805250000,3009232,52944572.7800,4.236900,1
2024-07-24,sz.301377,17.6815625000,18.2069575000,17.3279312500,17.4491762500,3500196,61178183.3800,4.928200,1
2024-07-25,sz.301377,17.2572050000,17.8331187500,16.9743000000,17.6411475000,3003000,51838931.4600,4.228100,1
2024-07-26,sz.301377,17.6007325000,17.9038450000,17.1965825000,17.3683462500,2800400,48558347.0000,3.942900,1
2024-07-29,sz.301377,17.3582425000,17.5300062500,17.1056487500,17.1561675000,1521977,25972771.6400,2.142900,1
2024-07-30,sz.301377,17.1460637500,17.3279312500,16.8429512500,16.9439887500,1692175,28495330.2500,2.382500,1
2024-07-31,sz.301377,16.9439887500,18.0554012500,16.7823287500,17.9139487500,3392375,59140397.2500,4.776400,1
2024-08-01,sz.301377,17.8634300000,18.1867500000,17.8028075000,17.8432225000,2536414,45245353.3400,3.571200,1
2024-08-02,sz.301377,17.7623925000,17.7826000000,16.9035737500,17.0551300000,3312050,56595116.5000,4.663300,1
2024-08-05,sz.301377,16.9237812500,17.1460637500,16.0245475000,16.0548587500,3648711,59446283.7400,5.137300,1
2024-08-06,sz.301377,16.4994237500,16.6509800000,16.1558962500,16.4590087500,1902900,30822191.0000,2.679200,1
2024-08-07,sz.301377,16.4590087500,16.6711875000,15.9639250000,16.0548587500,2501833,40211429.0300,3.522500,1
2024-08-08,sz.301377,16.1356887500,16.1356887500,15.4890487500,15.6406050000,2754620,42791602.1000,3.878400,1
2024-08-09,sz.301377,15.8729912500,16.0245475000,15.6608125000,15.7517462500,1605045,25150417.0000,2.259900,1
2024-08-12,sz.301377,15.7517462500,15.8224725000,15.5698787500,15.7113312500,933954,14500022.1600,1.315000,1
2024-08-13,sz.301377,15.6102937500,16.3579712500,15.6102937500,16.2569337500,2735045,43597677.5500,3.850900,1
2024-08-14,sz.301377,16.2064150000,16.3377637500,15.9639250000,15.9942362500,1274392,20308911.2200,1.794300,1
2024-08-15,sz.301377,16.1255850000,16.2670375000,15.8729912500,16.1154812500,1087145,17331000.9500,1.530700,1
2024-08-16,sz.301377,16.2165187500,16.4792162500,16.1356887500,16.3579712500,1612400,26079738.0000,2.270200,1
2024-08-19,sz.301377,16.2670375000,16.4691125000,16.0649625000,16.0851700000,921430,14755927.9000,1.297400,1
2024-08-20,sz.301377,16.0144437500,16.1558962500,15.8931987500,16.0346512500,809930,12825794.3000,1.140400,1
2024-08-21,sz.301377,15.9336137500,16.4691125000,15.8729912500,16.3276600000,1287600,20698070.0000,1.812900,1
2024-08-22,sz.301377,16.3074525000,16.4489050000,15.7820575000,15.7921612500,1469730,23359137.2000,2.069300,1
2024-08-23,sz.301377,15.7921612500,16.0144437500,15.4587375000,16.0043400000,1394913,21747766.1000,1.964000,1
2024-08-26,sz.301377,16.2973487500,16.2973487500,15.6810200000,16.0043400000,1329800,21016666.0000,1.872300,1
2024-08-27,sz.301377,15.9134062500,16.0043400000,15.5395675000,15.6102937500,1143155,17832710.3500,1.609500,1
2024-08-28,sz.301377,15.4789450000,15.9134062500,15.4789450000,15.7416425000,856600,13331968.0000,1.206100,1
2024-08-29,sz.301377,15.6608125000,16.9641962500,15.5799825000,16.6105650000,4045765,66227390.8000,5.696300,1
2024-08-30,sz.301377,16.7722250000,17.1561675000,16.6105650000,16.7621212500,4421474,73909555.9700,6.225300,1
2024-09-02,sz.301377,16.6408762500,17.2572050000,16.5196312500,16.5297350000,4174795,69667729.4700,5.878000,1
2024-09-03,sz.301377,16.4691125000,16.7621212500,16.4286975000,16.5398387500,1507995,24745016.2000,2.123200,1
2024-09-04,sz.301377,16.3781787500,16.6206687500,16.3276600000,16.4489050000,1601970,26094808.0000,2.255500,1
2024-09-05,sz.301377,16.4590087500,17.7320812500,16.3276600000,17.1157525000,5547387,94445488.6600,7.810600,1
2024-09-06,sz.301377,17.0753375000,17.0955450000,16.3478675000,16.3781787500,2940140,48282240.6000,4.139600,1
2024-09-09,sz.301377,16.3175562500,16.4185937500,15.9134062500,15.9538212500,2354300,37507710.0000,3.314800,1
2024-09-10,sz.301377,16.0245475000,16.3680750000,15.8123687500,16.2064150000,1610268,25649220.4900,2.267200,1
2024-09-11,sz.301377,16.1255850000,16.2064150000,15.8931987500,16.0144437500,1055800,16760687.0000,1.486500,1
2024-09-12,sz.301377,16.0144437500,16.2468300000,15.5193600000,15.5698787500,2161000,33875236.0000,3.042600,1
2024-09-13,sz.301377,15.6203975000,15.8123687500,15.4082187500,15.4183225000,1619000,24894409.0000,2.279500,1
2024-09-18,sz.301377,15.4890487500,15.5799825000,15.1051062500,15.3678037500,1106700,16797698.0000,1.558200,1
2024-09-19,sz.301377,15.4587375000,15.7113312500,15.0646912500,15.5092562500,1834749,28008262.5300,2.583300,1
2024-09-20,sz.301377,15.5092562500,15.6001900000,15.2667662500,15.3475962500,924771,14083634.5000,1.302100,1
2024-09-23,sz.301377,15.4090328000,15.6138040000,15.3066472000,15.4909412800,887266,13433248.3100,1.249200,1
2024-09-24,sz.301377,15.6035654400,16.1052548800,15.3885556800,16.0847777600,2265300,34970156.9700,3.189500,1
2024-09-25,sz.301377,16.1769248000,16.5455129600,15.8902451200,15.9311993600,3029670,48081879.6000,4.265700,1
2024-09-26,sz.301377,16.0745392000,16.4226502400,15.8697680000,16.4124116800,2341600,37016735.0000,3.296900,1
2024-09-27,sz.301377,16.6888528000,17.4874604800,16.6274214400,17.1598265600,4261440,70738383.0000,6.000000,1
2024-09-30,sz.301377,18.6853720000,20.5897441600,18.6853720000,20.5897441600,12141523,233097297.8500,17.095000,1
2024-10-08,sz.301377,24.7056452800,24.7056452800,21.2245348800,23.4770180800,12266341,273657594.7200,17.270700,1
2024-10-09,sz.301377,22.5350705600,22.6374561600,20.5795056000,20.5795056000,7525339,159427253.6100,10.595500,1
2024-10-10,sz.301377,20.9890480000,21.5112145600,20.5078356800,20.5999827200,4800219,98391725.3000,6.758600,1
2024-10-11,sz.301377,20.4975971200,20.4975971200,18.6341792000,19.0027673600,6241519,118598164.5000,8.787900,1
2024-10-14,sz.301377,19.1358686400,20.0675776000,18.7570419200,19.9549534400,4500700,85665036.8400,6.336900,1
2024-10-15,sz.301377,19.8628064000,20.2416331200,19.2177771200,19.2689699200,3560900,68586989.0000,5.013700,1
2024-10-16,sz.301377,18.7775190400,19.3918326400,18.7775190400,19.0130059200,2667140,49679875.1200,3.755300,1
2024-10-17,sz.301377,19.2075385600,19.5454110400,18.5522707200,18.6034635200,4500194,83809144.5200,6.336200,1
2024-10-18,sz.301377,18.6648948800,20.5795056000,18.4498851200,20.1187704000,8266610,157696269.4200,11.639200,1
2024-10-21,sz.301377,20.4054500800,20.7433225600,19.9754305600,20.2006788800,7245653,143668713.2300,10.201700,1
2024-10-22,sz.301377,20.2723488000,20.5487899200,19.8730449600,20.3440187200,4644050,91817416.2500,6.538700,1
2024-10-23,sz.301377,20.3440187200,20.9480937600,20.1904403200,20.8149924800,6741689,135354255.8000,9.492100,1
2024-10-24,sz.301377,21.2757276800,21.5009760000,20.4156886400,20.7433225600,7418400,151612132.0000,10.444900,1
2024-10-25,sz.301377,20.6818912000,20.9583323200,20.5283128000,20.7535611200,4848796,98238230.3000,6.827000,1
2024-10-28,sz.301377,20.6716526400,21.8081328000,20.6716526400,21.3985904000,6541247,135207557.6000,9.209900,1
2024-10-29,sz.301377,21.9105184000,22.0129040000,20.9890480000,21.0402408000,7127061,149927318.4900,10.034700,1
2024-10-30,sz.301377,20.7637996800,21.2040577600,20.5590284800,20.8559467200,3788985,77305133.1500,5.334800,1
2024-10-31,sz.301377,20.7842768000,22.3712536000,20.6306984000,21.5009760000,7041461,148098645.0200,9.914200,1
2024-11-01,sz.301377,21.5009760000,21.8695641600,20.2621102400,20.2723488000,5273010,107313009.8000,7.424300,1
2024-11-04,sz.301377,20.4668814400,21.1323878400,20.4054500800,20.9378552000,3253312,66411167.4600,4.580600,1
2024-11-05,sz.301377,20.9378552000,21.5521688000,20.8661852800,21.4600217600,3859900,80265916.0000,5.434600,1
2024-11-06,sz.301377,21.7569400000,21.7569400000,21.0095251200,21.1835806400,3951043,82397369.5100,5.563000,1
2024-11-07,sz.301377,21.0811950400,21.4907374400,20.8866624000,21.4600217600,2945623,61001184.5300,4.147400,1
2024-11-08,sz.301377,21.5316916800,22.2893451200,21.5009760000,21.8388484800,4351462,93098612.8400,6.126700,1
2024-11-11,sz.301377,21.9719497600,22.7910345600,21.6033616000,22.7091260800,4939571,108160809.1300,6.954800,1
2024-11-12,sz.301377,22.6681718400,22.6988875200,21.6340772800,22.0129040000,4437547,96197763.8300,6.248000,1
2024-11-13,sz.301377,21.9105184000,22.1050510400,21.3985904000,22.0436196800,2490800,52946054.5300,3.507000,1
2024-11-14,sz.301377,22.0436196800,22.2074366400,21.1938192000,21.3166819200,2833111,59776745.2300,3.988900,1
2024-11-15,sz.301377,21.3166819200,21.4804988800,20.4975971200,20.5283128000,3019839,62107212.7800,4.251900,1
2024-11-18,sz.301377,20.6716526400,20.8661852800,19.7604208000,20.1187704000,2915283,57498758.5000,4.104600,1
2024-11-19,sz.301377,20.2313945600,21.1016721600,19.9959076800,21.1016721600,2377600,47707746.0000,3.347600,1
2024-11-20,sz.301377,21.1016721600,21.2450120000,20.7330840000,21.0402408000,1785600,36738196.2200,2.514100,1
2024-11-21,sz.301377,20.9173780800,21.2040577600,20.6306984000,20.8866624000,1808300,36958345.0000,2.546000,1
2024-11-22,sz.301377,20.8866624000,21.1323878400,19.7808979200,19.7911364800,2556400,51091217.0000,3.599300,1
2024-11-25,sz.301377,19.8525678400,20.2416331200,19.5454110400,20.1699632000,2132700,41430156.0000,3.002800,1
2024-11-26,sz.301377,20.0573390400,20.4771200000,19.8730449600,19.9447148800,1490300,29324215.0000,2.098300,1
2024-11-27,sz.301377,19.9754305600,20.2416331200,19.3099241600,20.2211560000,2122674,40921461.4600,2.988700,1
2024-11-28,sz.301377,20.2313945600,20.3133030400,19.7808979200,19.8320907200,1641370,32168482.2000,2.311000,1
2024-11-29,sz.301377,19.7706593600,20.6306984000,19.7501822400,20.3952115200,2534471,50193544.9900,3.568500,1
2024-12-02,sz.301377,20.4975971200,20.8764238400,20.3849729600,20.7637996800,3022082,61189467.1000,4.255000,1
2024-12-03,sz.301377,20.8866624000,21.6852700800,20.7330840000,21.3473976000,3704239,76827624.6600,5.215500,1
2024-12-04,sz.301377,21.3269204800,21.7774171200,21.0300022400,21.1221492800,3161900,66045552.0000,4.451900,1
2024-12-05,sz.301377,21.0095251200,21.7876556800,21.0095251200,21.4395446400,2088200,43669182.0000,2.940100,1
2024-12-06,sz.301377,21.5214531200,22.0129040000,21.2450120000,21.6545544000,4122931,87110130.1000,5.805000,1
2024-12-09,sz.301377,21.6545544000,21.9924268800,21.2757276800,21.4497832000,3301740,69659235.3000,4.648800,1
2024-12-10,sz.301377,21.9821883200,22.0640968000,21.4702603200,21.5726459200,3584031,76352584.4000,5.046200,1
2024-12-11,sz.301377,21.5726459200,21.6545544000,21.2245348800,21.5009760000,3107500,65020556.6900,4.375300,1
2024-12-12,sz.301377,21.5112145600,21.8081328000,21.3269204800,21.6852700800,2880726,60759995.8800,4.056000,1
2024-12-13,sz.301377,21.6647929600,22.3917307200,21.4088289600,21.7774171200,4954895,106387423.9000,6.976400,1
2024-12-16,sz.301377,21.8081328000,22.3200608000,21.2245348800,21.4702603200,3352962,71028057.8600,4.720900,1
2024-12-17,sz.301377,21.5214531200,21.6033616000,20.7945153600,20.8764238400,2100342,43455537.8600,2.957200,1
2024-12-18,sz.301377,20.9992865600,21.4497832000,20.5795056000,21.1016721600,2333562,48159141.6200,3.285600,1
2024-12-19,sz.301377,20.7433225600,21.2757276800,20.7330840000,21.2245348800,1539311,31642874.1100,2.167300,1
2024-12-20,sz.301377,21.2245348800,21.8695641600,21.0914336000,21.6545544000,2221766,46914297.5400,3.128200,1
2024-12-23,sz.301377,21.6647929600,21.8388484800,20.7842768000,20.7945153600,2448032,50777977.1500,3.446800,1
2024-12-24,sz.301377,20.9685708800,21.3883518400,20.8457081600,21.1733420800,1684100,34760272.0000,2.371200,1
2024-12-25,sz.301377,21.4190675200,22.1152896000,21.1733420800,21.8900412800,5576860,118471012.1500,7.852100,1
2024-12-26,sz.301377,21.8900412800,23.0060443200,21.3576361600,22.9855672000,8679607,190574076.4900,12.220700,1
2024-12-27,sz.301377,22.9548515200,23.0981913600,22.3507764800,22.4736392000,7163377,158351058.5100,10.085900,1
2024-12-30,sz.301377,22.4531620800,23.2005769600,22.2279137600,22.8217502400,5678194,126556737.0700,7.994800,1
2024-12-31,sz.301377,22.7193646400,22.8319888000,21.5624073600,21.6545544000,5203414,112071067.0700,7.326300,1
2025-01-02,sz.301377,21.6545544000,21.8490870400,20.4771200000,20.8354696000,3679949,76380361.7700,5.181300,1
2025-01-03,sz.301377,20.8354696000,21.1323878400,19.9242377600,20.0368619200,3591469,71605294.3200,5.056700,1
2025-01-06,sz.301377,20.0368619200,20.2211560000,19.1563457600,19.8628064000,2872173,55556689.8800,4.043900,1
2025-01-07,sz.301377,19.8832835200,21.9105184000,19.8628064000,21.4190675200,5414138,109905077.2800,7.623000,1
2025-01-08,sz.301377,21.1119107200,21.3064433600,19.8628064000,20.7330840000,4761776,95671722.5600,6.704500,1
2025-01-09,sz.301377,20.4361657600,24.8797008000,20.4361657600,24.8797008000,10307170,243035738.4000,14.512200,1
2025-01-10,sz.301377,26.3745305600,26.5997788800,23.0981913600,23.0981913600,24124422,583252624.5900,33.966600,1
2025-01-13,sz.301377,22.0948124800,23.0162828800,21.6033616000,21.8286099200,13707802,297984109.0900,19.300200,1
2025-01-14,sz.301377,21.9514726400,23.3029625600,21.4088289600,23.2517697600,12972268,285113264.6300,18.264600,1
2025-01-15,sz.301377,23.0060443200,23.2415312000,22.3610150400,22.6272176000,8570436,189797840.3600,12.067000,1
2025-01-16,sz.301377,22.7091260800,22.9446129600,21.7569400000,21.9821883200,9035556,196549076.0900,12.721800,1
2025-01-17,sz.301377,21.6545544000,22.4019692800,21.4088289600,22.1460052800,8334752,178906522.8600,11.735100,1
2025-01-20,sz.301377,22.1460052800,23.0879528000,22.0231425600,22.8319888000,11560828,256514451.4300,16.277400,1
2025-01-21,sz.301377,22.8831816000,23.0367600000,22.5043548800,22.8831816000,7698300,171194429.0000,10.839000,1
2025-01-22,sz.301377,22.8934201600,24.3370571200,22.5145934400,23.6408350400,14063031,323284220.2100,19.800400,1
2025-01-23,sz.301377,23.8558448000,24.2244329600,23.3029625600,23.5384494400,12020223,279182000.8200,16.924200,1
2025-01-24,sz.301377,23.2517697600,23.6408350400,23.0674756800,23.4463024000,7411679,168918767.8200,10.435500,1
2025-01-27,sz.301377,23.3029625600,23.3439168000,22.4224464000,22.4838777600,6284873,139820328.4200,8.848900,1
2025-02-05,sz.301377,22.6374561600,22.7091260800,22.0129040000,22.3405379200,5616740,122067742.7400,7.908200,1
2025-02-06,sz.301377,22.1664824000,23.2108155200,22.0436196800,23.2108155200,6816571,151938656.6000,9.597600,1
2025-02-07,sz.301377,23.2108155200,23.5998808000,22.9548515200,23.3643939200,7819659,178183972.1200,11.009900,1
2025-02-10,sz.301377,23.2824854400,23.4258252800,22.9548515200,23.4258252800,5511511,124828566.5800,7.760100,1
2025-02-11,sz.301377,23.4258252800,23.4258252800,22.8627044800,23.2722468800,4787400,108264706.0000,6.740500,1
2025-02-12,sz.301377,23.2722468800,24.0401388800,22.9855672000,24.0196617600,10010865,230962572.1700,14.095000,1
2025-02-13,sz.301377,23.7125049600,24.2653872000,23.5179723200,24.0606160000,10769805,252353429.9300,15.163600,1
2025-02-14,sz.301377,23.8251291200,23.9991846400,23.3234396800,23.7636977600,6828787,158121460.4500,9.614800,1
2025-02-17,sz.301377,23.8558448000,24.6646910400,23.4667795200,24.6646910400,9561810,225704675.6800,13.462800,1
2025-02-18,sz.301377,24.4394427200,24.7261224000,23.5794036800,23.6920278400,7758800,183111005.7400,10.924200,1
2025-02-19,sz.301377,23.4667795200,24.2961028800,23.4667795200,24.2858643200,6713589,157804447.3000,9.452600,1
2025-02-20,sz.301377,24.2141944000,24.7056452800,23.9582304000,24.6339753600,6725315,160344060.6000,9.469100,1
2025-02-21,sz.301377,24.6954067200,27.3369552000,24.5418283200,26.5588246400,17344124,441373910.3000,24.420100,1
2025-02-24,sz.301377,26.2926220800,28.1458014400,25.9547496000,27.0195598400,13785562,366698580.8600,19.409700,1
2025-02-25,sz.301377,26.2414292800,28.9751248000,26.1595208000,28.3505726400,14893293,404855600.7200,20.969400,1
2025-02-26,sz.301377,28.2277099200,29.2925201600,27.4291022400,28.1355628800,13577947,376071108.4700,19.117400,1
2025-02-27,sz.301377,28.1765171200,28.5962980800,26.8557428800,27.5519649600,8861429,239267523.8500,12.476700,1
2025-02-28,sz.301377,28.0434158400,28.5348667200,27.0502755200,27.1936153600,8502088,229308976.6200,11.970700,1
2025-03-03,sz.301377,27.3881480000,27.4393408000,25.8011712000,26.0161809600,7456784,191673596.9200,10.499000,1
2025-03-04,sz.301377,25.5964000000,26.2823835200,25.5759228800,25.8216483200,4379470,110851134.6000,6.166200,1
2025-03-05,sz.301377,25.7397398400,27.4393408000,25.4018673600,26.8966971200,7403200,191423803.0200,10.423500,1
2025-03-06,sz.301377,26.8966971200,27.1117068800,26.6714488000,26.7226416000,5289949,138700866.1000,7.448100,1
2025-03-07,sz.301377,26.6714488000,27.2345696000,26.4769161600,26.9069356800,4033333,105664920.7500,5.678800,1
2025-03-10,sz.301377,26.9069356800,28.5348667200,26.7635958400,27.9103145600,7957324,215749998.9900,11.203700,1
2025-03-11,sz.301377,28.6679680000,28.9136934400,26.6304945600,28.2072328000,11519240,312716076.2000,16.218800,1
2025-03-12,sz.301377,28.1048472000,32.4971894400,27.7669747200,30.8385427200,17456718,516162494.1600,24.578600,1
2025-03-13,sz.301377,30.4494774400,31.2071308800,29.2618044800,29.4256214400,10946273,320839185.5000,15.412100,1
2025-03-14,sz.301377,29.2822816000,30.0604121600,28.2891412800,29.2310888000,8860783,252497649.2600,12.475800,1
2025-03-17,sz.301377,29.1287032000,30.3266147200,28.4734353600,30.2037520000,10217811,293839722.3100,14.386400,1
2025-03-18,sz.301377,30.9204512000,36.2445024000,30.9204512000,34.7906268800,26063134,875052124.0300,36.696200,1
2025-03-19,sz.301377,34.3913230400,35.8042443200,34.1967904000,34.5449014400,20185664,689084380.9500,28.420900,1
2025-03-20,sz.301377,34.4527544000,34.7906268800,32.4152809600,32.5074280000,13601370,439944451.8900,19.150400,1
2025-03-21,sz.301377,31.7395360000,32.5176665600,30.6030558400,30.6132944000,10130421,310894505.5300,14.263400,1
2025-03-24,sz.301377,30.8897355200,31.2992779200,29.7839710400,31.2276080000,9996371,297837907.9800,14.074600,1
2025-03-25,sz.301377,30.8590198400,31.5757190400,29.4563371200,29.5689612800,8067752,237944206.1300,11.359200,1
2025-03-26,sz.301377,29.2925201600,30.5109088000,29.2925201600,29.7430168000,5033598,147599549.6200,7.087200,1
2025-03-27,sz.301377,29.5587227200,30.1525592000,28.8522620800,29.3129972800,4906268,141220917.2800,6.907900,1
2025-03-28,sz.301377,29.4256214400,29.6815854400,28.3812883200,28.4017654400,4634383,130832249.0500,6.525100,1
2025-03-31,sz.301377,28.1253243200,28.8113078400,27.3574323200,28.6782065600,4406268,120826165.6800,6.203900,1
2025-04-01,sz.301377,28.6679680000,29.0979875200,27.7567361600,27.8181675200,3518098,97210195.2000,4.953400,1
2025-04-02,sz.301377,27.7464976000,29.5484841600,27.6441120000,28.8215464000,5367343,151502816.3000,7.557100,1
2025-04-03,sz.301377,28.6679680000,29.0263176000,27.6441120000,28.0843700800,4587482,126682942.0400,6.459100,1
2025-04-07,sz.301377,25.5964000000,26.4769161600,22.4634006400,22.4634006400,6881199,158703260.8000,9.688600,1
2025-04-08,sz.301377,22.5248320000,23.0367600000,21.1938192000,22.1152896000,7333046,157743293.8100,10.324700,1
2025-04-09,sz.301377,21.1938192000,22.7296032000,19.9037606400,22.4224464000,7061109,149129709.5600,9.941900,1
2025-04-10,sz.301377,23.9787075200,25.1151876800,23.5589265600,23.8660833600,7145146,168768611.5800,10.060200,1
2025-04-11,sz.301377,23.6408350400,24.4906355200,23.4770180800,24.2551486400,5036300,118699370.0000,7.091000,1
2025-04-14,sz.301377,24.9308936000,25.2585275200,24.5623054400,24.7670766400,4555161,110703030.9300,6.413600,1
2025-04-15,sz.301377,24.7670766400,25.0844720000,24.4496812800,25.0332792000,3495261,84729667.3900,4.921200,1
2025-04-16,sz.301377,24.9616092800,25.1151876800,24.1937172800,24.4292041600,2812700,67664236.0000,3.960200,1
2025-04-17,sz.301377,24.1527630400,25.2175732800,24.1527630400,24.5725440000,3282800,79617281.0000,4.622100,1
2025-04-18,sz.301377,24.5725440000,25.0742334400,24.5008740800,24.7056452800,2342000,56664403.0000,3.297500,1
2025-04-21,sz.301377,24.6646910400,26.5793017600,24.4394427200,26.5383475200,4903400,123798974.0000,6.903900,1
2025-04-22,sz.301377,26.4973932800,27.0809912000,26.3233377600,26.8147886400,4315900,113037615.0000,6.076700,1
2025-04-23,sz.301377,27.4598179200,28.3812883200,26.7533572800,27.7772132800,9494107,255098140.9400,13.367500,1
2025-04-24,sz.301377,27.7567361600,28.4120040000,26.6509716800,26.7226416000,5588823,149834470.2300,7.868900,1
2025-04-25,sz.301377,26.5997788800,27.2038539200,26.5997788800,26.8045500800,2731841,71625589.2400,3.846400,1
2025-04-28,sz.301377,26.6304945600,26.8352657600,26.3233377600,26.5485860800,2136765,55473874.2000,3.008500,1
2025-04-29,sz.301377,26.4973932800,26.9990827200,26.2209521600,26.7431187200,2143694,55988284.2800,3.018300,1
2025-04-30,sz.301377,26.9581284800,27.3983865600,26.6202560000,27.1628996800,2892768,76505199.6500,4.072900,1
2025-05-06,sz.301377,27.5622035200,29.4358600000,27.1731382400,29.1082260800,8295000,231445011.0000,11.679200,1
2025-05-07,sz.301377,29.6611083200,30.1320820800,28.4324811200,28.7908307200,8205700,233183305.0000,11.553400,1
2025-05-08,sz.301377,28.7396379200,29.2822816000,28.3915268800,28.7908307200,4542965,127679214.0000,6.396400,1
2025-05-09,sz.301377,28.7089222400,28.7908307200,27.9307916800,28.1969942400,4367402,120433645.0800,6.149200,1
2025-05-12,sz.301377,28.4427196800,28.8420235200,28.2686641600,28.5246281600,3237300,90250789.0000,4.558000,1
2025-05-13,sz.301377,28.7805921600,29.1901345600,28.4631968000,28.5143896000,3414900,96097621.0000,4.808100,1
2025-05-14,sz.301377,28.5758209600,29.5382456000,28.3505726400,28.4631968000,4867554,137575018.2600,6.853400,1
2025-05-15,sz.301377,28.4222425600,28.8522620800,27.9512688000,27.9819844800,2544105,69908923.3500,3.582000,1
2025-05-16,sz.301377,27.8386446400,28.8113078400,27.7976904000,28.4427196800,2772817,77211473.6000,3.904100,1
2025-05-19,sz.301377,28.3710497600,29.4768142400,28.1969942400,29.3641900800,5745400,162293463.0000,8.089400,1
2025-05-20,sz.301377,29.3744286400,30.7054414400,29.3232358400,29.7225396800,7533907,221181853.6100,10.607600,1
2025-05-21,sz.301377,29.4665756800,29.4665756800,28.4017654400,28.6986836800,3865400,108672943.0000,5.442400,1
2025-05-22,sz.301377,28.5451052800,28.8625006400,27.9410302400,27.9717459200,3113473,86091557.0200,4.383700,1
2025-05-23,sz.301377,27.9819844800,28.8522620800,27.7772132800,27.9000760000,3391215,93740274.0000,4.774700,1
2025-05-26,sz.301377,27.8181675200,28.2072328000,27.7772132800,27.9512688000,1882900,51444434.0000,2.651100,1
2025-05-27,sz.301377,29.4719363400,29.9995140000,27.9305820000,28.0029946200,7302400,202620799.0000,10.281600,1
2025-05-28,sz.301377,28.0650625800,28.8409120800,27.8064460800,28.1167858800,4465200,121771200.0000,6.286900,1
2025-05-29,sz.301377,27.9823053000,28.6340188800,27.8685140400,28.1995431600,3219449,87973727.6400,4.532900,1
2025-05-30,sz.301377,27.9823053000,28.1478198600,27.1133538600,27.2374897800,3154304,83660361.4400,4.441200,1
2025-06-03,sz.301377,27.0099072600,27.7133441400,26.9788732800,27.2271451200,2148130,56558112.8200,3.024500,1
2025-06-04,sz.301377,27.0409412400,29.4305577000,26.9685286200,28.5305722800,6580125,180385736.5000,9.264600,1
2025-06-05,sz.301377,30.7029508800,32.8132615200,29.4098683800,31.8822421200,13479700,403770355.0000,18.979100,1
2025-06-06,sz.301377,31.4891450400,31.7063829000,29.4822810000,29.9684800200,9861757,286285577.5600,13.885100,1
2025-06-09,sz.301377,30.4133004000,31.4063877600,30.0098586600,30.6822615600,6668700,197640631.0000,9.389400,1
2025-06-10,sz.301377,30.5891596200,30.8063974800,29.6891742000,29.9995140000,5418415,158216319.0700,7.629000,1
2025-06-11,sz.301377,29.9995140000,30.8270868000,29.7926208000,30.1029606000,3639593,106379951.1600,5.124500,1
2025-06-12,sz.301377,30.1029606000,30.7753635000,29.8339994400,30.1029606000,3862300,113187689.1800,5.438000,1
2025-06-13,sz.301377,30.0926159400,30.3719217600,29.5857276000,29.8236547800,3638560,104868569.5200,5.123000,1
2025-06-16,sz.301377,29.5443489600,32.3891304600,29.5443489600,31.4891450400,8286867,252682359.3900,11.667700,1
2025-06-17,sz.301377,31.6650042600,31.6650042600,30.8477761200,30.9822567000,4125174,124100536.7000,5.808100,1
2025-06-18,sz.301377,30.8788101000,32.7822275400,30.7339848600,32.5236110400,8626273,266420826.8100,12.145600,1
2025-06-19,sz.301377,32.5443003600,34.0339314000,31.7891401800,32.0167227000,10963648,348178221.9900,15.436500,1
2025-06-20,sz.301377,31.6236256200,32.4098197800,31.3236304800,31.9649994000,5874812,180513998.3000,8.271600,1
2025-06-23,sz.301377,31.3546644600,32.2960285200,31.1270819400,31.5512130000,5883623,180378442.2000,8.284000,1
2025-06-24,sz.301377,32.0684460000,33.9718634400,32.0581013400,33.8994508200,9742594,310195455.1100,13.717300,1
2025-06-25,sz.301377,33.5684217000,34.3442712000,32.9787760800,33.7753149000,8235710,267621096.4000,11.595700,1
2025-06-26,sz.301377,34.9959847800,35.8856255400,33.5787663600,33.5994556800,9042985,301143985.3500,12.732300,1
2025-06-27,sz.301377,33.6201450000,35.6063197200,32.9167081200,34.6649556600,9514539,318265219.0700,13.396200,1
2025-06-30,sz.301377,35.2856352600,38.0683488000,34.3546158600,37.1993973600,12618200,444115283.8000,17.766100,1
2025-07-01,sz.301377,37.1373294000,37.1373294000,36.3718245600,36.9821595000,6293141,223159852.8300,8.860600,1
2025-07-02,sz.301377,36.9821595000,37.1787080400,35.1925333200,35.4201158400,6388406,222217091.3200,8.994700,1
2025-07-03,sz.301377,35.3063245800,36.7752663000,35.3063245800,36.4752711600,6008710,210150661.5100,8.460100,1
2025-07-04,sz.301377,36.8373342600,39.2890186800,35.8545915600,35.9994168000,14526614,527277543.0700,20.453100,1
2025-07-07,sz.301377,35.1718440000,37.5511158000,35.1718440000,35.9994168000,7316541,255847635.0000,10.301500,1
2025-07-08,sz.301377,35.8752808800,37.7166303600,35.7511449600,37.3545672600,7811611,280549641.5800,10.998600,1
2025-07-09,sz.301377,37.6649070600,37.8200769600,36.6304410600,37.1373294000,5770869,207009749.8600,8.125200,1
2025-07-10,sz.301377,37.2407760000,38.7407517000,35.4821838000,35.9683828200,9174290,324806394.8200,12.917200,1
2025-07-11,sz.301377,35.7614896200,35.9683828200,34.9235721600,35.6580430200,5683057,194715392.9200,8.001600,1
2025-07-14,sz.301377,35.5856304000,38.3786886000,35.4614944800,37.8821449200,8790670,316301196.2300,12.377000,1
2025-07-15,sz.301377,37.7580090000,43.3441254000,37.4269798800,42.2786254200,16327438,653127937.8200,22.988600,1
2025-07-16,sz.301377,42.2372467800,43.1268875400,41.2338147600,41.5027759200,9245442,374938216.9400,13.017300,1
2025-07-17,sz.301377,41.3786400000,46.0130476800,40.9234749600,45.3923680800,15580605,663621267.1400,21.937100,1
2025-07-18,sz.301377,45.8475331200,49.1061010200,44.9372030400,46.5302806800,15058048,686148802.0100,21.201400,1
2025-07-21,sz.301377,46.0544263200,47.1716496000,44.5854846000,46.5509700000,11427858,506933676.1200,16.090100,1
2025-07-22,sz.301377,46.5509700000,48.6095573400,45.7337418600,46.9647564000,10601658,485727802.9400,14.926900,1
2025-07-23,sz.301377,46.0647709800,50.1716010000,45.1647855600,49.3026495600,13089379,613248617.0200,18.429500,1
2025-07-24,sz.301377,49.3440282000,51.2577903000,47.5026787200,48.3095622000,9931545,473122558.4100,13.983400,1
2025-07-25,sz.301377,48.2061156000,51.7957126200,47.9371544400,50.5233194400,8467717,409186279.6600,11.922300,1
2025-07-28,sz.301377,50.5233194400,59.7300668400,50.1405670200,56.8956300000,13246063,698386779.5600,18.650100,1
2025-07-29,sz.301377,57.5473435800,58.0335426000,55.2301397400,56.8956300000,10909305,594839097.3300,15.360000,1
2025-07-30,sz.301377,56.3990863200,57.4645863000,54.6508387800,55.2922077000,8236100,444074174.9800,11.596200,1
2025-07-31,sz.301377,56.4197756400,59.4817950000,53.5956834600,54.5267028600,13147467,713525743.5900,18.511300,1
2025-08-01,sz.301377,53.8232659800,55.1473824600,53.0991397800,53.3784456000,7608021,396337683.9800,10.711900,1
2025-08-04,sz.301377,52.6232854200,54.1749844200,52.3543242600,53.6577514200,5244887,270808652.2600,7.384700,1
2025-08-05,sz.301377,53.9784358800,54.7232514000,52.2094990200,53.7094747200,6438770,330496756.7800,9.065600,1
2025-08-06,sz.301377,53.2646543400,54.9611785800,53.0784504600,53.7818873400,5125928,266479518.8900,7.217200,1
2025-08-07,sz.301377,53.3163776400,54.0508485000,51.5681301000,53.5232708400,6399054,327186325.9500,9.009700,1
2025-08-08,sz.301377,52.9750038600,55.8197853600,52.9750038600,54.3404989800,5887929,309935619.5800,8.290100,1
2025-08-11,sz.301377,55.2715183800,58.4473290000,53.9991252000,57.2576931000,9076746,497079258.4300,12.779800,1
2025-08-12,sz.301377,57.2163144600,58.6128435600,55.5611688600,57.6301008600,6486789,358534855.7000,9.133200,1
2025-08-13,sz.301377,57.7956154200,62.6058823200,56.7508047600,61.7162415600,9975632,574709152.2100,14.045400,1
2025-08-14,sz.301377,60.4128144000,62.8127755200,59.8645474200,60.9817707000,7351535,436016892.3000,10.350800,1
2025-08-15,sz.301377,60.7438435200,65.5334211000,60.4852270200,64.8817075200,6506453,399357130.2100,9.160900,1
2025-08-18,sz.301377,66.0506541000,66.1023774000,61.7058969000,65.4816978000,8135291,497569993.4800,11.454300,1
2025-08-19,sz.301377,63.2886298800,65.2851492600,62.0576153400,62.4093337800,6346757,388384145.6400,8.936100,1
2025-08-20,sz.301377,61.5714163200,61.9127901000,59.6886882000,61.3334891400,6073956,355430367.4400,8.552000,1
2025-08-21,sz.301377,62.9782900800,63.1024260000,58.3025037600,58.6749115200,8085477,466683123.4300,11.384100,1
2025-08-22,sz.301377,59.1300765600,70.4057559600,58.9542173400,70.4057559600,13004049,838821055.1000,18.309400,1
2025-08-25,sz.301377,72.7229598000,78.2883868800,72.4126200000,75.8263578000,14495125,1057719911.9000,20.408800,1
2025-08-26,sz.301377,75.5367073200,79.7469839400,74.5539646200,77.9056344600,9000605,672743209.0600,12.672600,1
2025-08-27,sz.301377,77.1504742800,78.4332121200,73.1264015400,73.3850180400,9274245,681194307.0700,13.057900,1
2025-08-28,sz.301377,74.1815568600,80.6676586800,72.3712413600,79.7366392800,10710676,794408612.6200,15.080400,1
2025-08-29,sz.301377,78.6194160000,79.0228577400,75.9091150800,77.9987364000,6806839,508210739.6500,9.583900,1
2025-09-01,sz.301377,76.7780665200,82.7572800000,74.4815520000,80.6883480000,8653484,663616192.2900,12.183900,1
2025-09-02,sz.301377,81.0917897400,82.3228042800,73.6126005600,75.5056733400,10203511,758284595.2800,14.366300,1
2025-09-03,sz.301377,76.0435956600,78.4952800800,74.1505228800,76.8918577800,5659300,415593090.4500,7.968200,1
2025-09-04,sz.301377,77.0987509800,78.6090713400,65.3885958600,66.5885764200,10624895,722162129.7100,14.959600,1
2025-09-05,sz.301377,67.0333968000,75.1539549000,66.6609890400,72.9815763000,9777402,671025694.7600,13.766300,1
2025-09-08,sz.301377,72.9919209600,73.0332996000,69.3092220000,70.6333384800,5126870,352354031.9600,7.218500,1
2025-09-09,sz.301377,70.2402414000,70.6126491600,67.5816637800,68.3161346400,5067014,338277969.2800,7.134200,1
2025-09-10,sz.301377,70.3229986800,75.4953286800,69.6816297600,73.6643238600,8246697,583988933.9000,11.611100,1
2025-09-11,sz.301377,74.1194889000,88.3951197000,74.1194889000,88.3951197000,11969534,971080627.1400,16.852800,1
2025-09-12,sz.301377,90.2881924800,96.2053380000,85.0951731600,92.6467749600,13311347,1179641921.0500,18.742000,1
2025-09-15,sz.301377,90.7537021800,92.4605710800,88.7054595000,90.4433623800,8932664,780571932.4100,12.577000,1
2025-09-16,sz.301377,90.8674934400,94.1364060000,87.4537556400,89.4606196800,9649780,844426923.2400,13.586600,1
2025-09-17,sz.301377,88.9744206600,89.8950954000,85.9537799400,88.3227070800,6700597,569626822.2400,9.434300,1
2025-09-18,sz.301377,87.8675420400,89.4606196800,84.8262120000,86.3054983800,7965135,672151865.1100,11.214700,1
2025-09-19,sz.301377,87.4641003000,88.3744303800,84.8572459800,85.3951683000,4138200,344979506.2200,5.826500,1
2025-09-22,sz.301377,85.4779255800,86.3986003200,82.5503868000,86.1399838200,6929531,568647109.6600,9.756600,1
2025-09-23,sz.301377,90.0088866600,91.9123041000,80.7400713000,83.5848528000,9369543,773492733.9800,13.192100,1
2025-09-24,sz.301377,82.4572848600,84.3089790000,79.4987121000,83.3779596000,5473549,437562046.5700,7.706600,1
2025-09-25,sz.301377,83.2641683400,83.6676100800,79.4469888000,81.2055810000,6153243,484486103.3800,8.663600,1
2025-09-26,sz.301377,80.6883480000,81.7745373000,73.9643190000,74.2436248200,9311378,691190163.9900,13.110200,1
2025-09-29,sz.301377,73.1160568800,78.1952849400,73.1160568800,76.4884160400,7638975,565949109.3500,10.755500,1
2025-09-30,sz.301377,76.4884160400,76.5815179800,73.6539792000,74.1608675400,5793489,418123635.2900,8.157100,1
2025-10-09,sz.301377,74.1608675400,75.0815422800,73.1160568800,73.2919161000,4780562,341460352.9000,6.730900,1
2025-10-10,sz.301377,72.9298530000,73.8505277400,70.3436880000,70.8402316800,5316242,369448967.3700,7.485100,1
2025-10-13,sz.301377,67.3230472800,70.4471346000,66.7230570000,69.6195618000,4430356,295833603.4000,6.237800,1
2025-10-14,sz.301377,70.4264452800,71.3471200200,67.0230521400,67.2402900000,5039582,335538864.4600,7.095600,1
2025-10-15,sz.301377,68.2747560000,77.5849500000,66.8575375800,75.1125762600,12201518,866881948.5700,17.179400,1
2025-10-16,sz.301377,74.7608578200,76.3435908000,73.4263966800,73.8712170600,8376339,601780975.4300,11.793700,1
2025-10-17,sz.301377,73.5712219200,74.2746588000,70.3436880000,71.5126345800,5507900,384187989.0000,7.755000,1
2025-10-20,sz.301377,72.9298530000,78.1021830000,70.5505812000,77.7504645600,10556304,768308112.0700,14.863000,1
2025-10-21,sz.301377,82.6434887400,83.1710664000,77.5849500000,81.3090276000,12317987,957138036.3400,17.343400,1
2025-10-22,sz.301377,82.5090081600,94.1364060000,81.3090276000,90.2054352000,17195024,1471271539.7600,24.210200,1
2025-10-23,sz.301377,89.6468235600,99.1018428000,88.4468430000,97.4570418600,16592500,1535198062.0200,23.361800,1
2025-10-24,sz.301377,95.7087943200,106.4258620800,92.0674740000,100.1052748200,18756228,1814159970.2600,26.408300,1
2025-10-27,sz.301377,101.7914544000,118.7566968000,101.3880126600,114.8257260000,17063293,1826867556.8700,24.024700,1
2025-10-28,sz.301377,112.5395561400,122.2531918800,111.4016435400,120.5152890000,16435642,1852015397.5600,23.141000,1
2025-10-29,sz.301377,124.1359200000,137.0667450000,122.3773278000,135.0185023200,17040911,2151227180.0100,23.993200,1
2025-10-30,sz.301377,129.3082500000,142.4459682000,126.7220850000,142.4459682000,17166241,2229814562.7500,24.169600,1
2025-10-31,sz.301377,138.6908566200,138.6908566200,124.9945267800,127.2393180000,20802727,2610795491.7600,29.289700,1
2025-11-03,sz.301377,121.0325220000,124.0945413600,118.4877356400,121.9325074200,16062767,1885617309.0400,22.616000,1
2025-11-04,sz.301377,122.4083617800,125.1703860000,118.5291142800,123.6186870000,16351743,1924719566.0800,23.022800,1
2025-11-05,sz.301377,115.8808813200,126.2048520000,115.8808813200,124.6428083400,14203062,1671268723.3800,19.997600,1
2025-11-06,sz.301377,122.3049151800,125.1703860000,116.9877599400,122.6462889600,14672710,1713685105.8200,20.658800,1
2025-11-07,sz.301377,120.0187453200,122.0669880000,116.3774250000,118.5498036000,9568123,1104222655.0300,13.471700,1
2025-11-10,sz.301377,119.4187550400,121.0118326800,113.6878134000,119.2325511600,11451321,1293021289.8900,16.123200,1
2025-11-11,sz.301377,121.0014880200,121.0325220000,107.5844640000,110.7085513200,14894727,1611801533.9800,20.971400,1
2025-11-12,sz.301377,109.2396096000,120.6808035600,108.6189300000,119.3773764000,15252588,1712819683.9700,21.475300,1
2025-11-13,sz.301377,118.0429152600,121.0221773400,115.0429638600,116.8946580000,8793069,999765931.4200,12.380400,1
2025-11-14,sz.301377,114.0809104800,119.7394395000,112.8085173000,114.8257260000,7754694,871301143.5400,10.918400,1
2025-11-17,sz.301377,117.9291240000,119.6877162000,112.8602406000,113.3774736000,5399966,600180245.0900,7.603000,1
2025-11-18,sz.301377,111.8050852800,122.3980171200,110.6878620000,116.2739784000,9055820,1028484628.7600,12.750400,1
2025-11-19,sz.301377,118.5291142800,118.5291142800,111.1223377200,112.7671386600,6552634,721678005.5000,9.225900,1
2025-11-20,sz.301377,117.9394686600,119.4808230000,112.9119639000,113.8740172800,7021342,784354776.2200,9.885900,1
2025-11-21,sz.301377,108.7740999000,112.4050755600,106.0327650000,106.0327650000,6442521,676501777.5300,9.070900,1
2025-11-24,sz.301377,106.3431048000,108.1016970000,102.3086874000,103.9638330000,6421151,648007788.5000,9.040800,1
2025-11-25,sz.301377,106.0826040000,111.6495000000,105.4282860000,106.8303960000,6983252,730159024.6600,9.832200,1
2025-11-26,sz.301377,105.9372000000,112.8750480000,104.3793000000,108.7206480000,6513814,684095218.4600,9.171300,1
2025-11-27,sz.301377,108.2636640000,111.9610800000,105.1997940000,105.5113740000,5787442,602490653.5200,8.148600,1
2025-11-28,sz.301377,105.3971280000,106.3734120000,103.8703860000,104.2650540000,4315439,435459733.3300,6.076000,1
2025-12-01,sz.301377,105.8333400000,106.8407820000,102.9044880000,104.9089860000,4734113,477461686.7200,6.665500,1
2025-12-02,sz.301377,105.0024600000,105.2205660000,102.5929080000,103.3303140000,4557256,454938459.7800,6.416500,1
2025-12-03,sz.301377,103.6834380000,109.4372820000,103.2160680000,104.8986000000,7338068,751445586.7100,10.331800,1
2025-12-04,sz.301377,104.7220380000,105.5009880000,102.1255380000,102.4890480000,4719567,468552372.5000,6.645000,1
2025-12-05,sz.301377,103.8496140000,112.0441680000,103.2991560000,110.0708280000,9961023,1041339407.4100,14.024900,1
2025-12-08,sz.301377,109.1880180000,113.6020680000,108.2117340000,109.4684400000,10458293,1112839318.5700,14.725000,1
2025-12-09,sz.301377,110.1435300000,128.1528540000,109.8838800000,125.6706000000,17832288,2050065409.6600,25.107400,1
2025-12-10,sz.301377,123.4168380000,124.5073680000,112.6673280000,122.3470800000,17696494,2016057730.9200,24.916200,1
2025-12-11,sz.301377,122.3574660000,124.0088400000,112.8958200000,113.2074000000,12941539,1480346552.4500,18.221400,1
2025-12-12,sz.301377,112.8231180000,115.0249500000,109.5515280000,113.1346980000,8519862,919827843.8800,11.995800,1
2025-12-15,sz.301377,109.8838800000,118.0472760000,109.5930720000,116.1154800000,9317416,1029005716.0500,13.118700,1
2025-12-16,sz.301377,115.2846000000,125.6706000000,113.3631900000,124.4242800000,13483247,1575759790.4300,18.984100,1
2025-12-17,sz.301377,126.9169200000,134.4052260000,121.5265860000,132.9200280000,15472104,1912242680.9800,21.784300,1
2025-12-18,sz.301377,126.1068120000,128.3190300000,121.9316400000,122.0562720000,10541845,1262424982.2500,14.842700,1
2025-12-19,sz.301377,123.5934000000,123.5934000000,115.9908480000,117.5695200000,7697275,880234250.4200,10.837600,1
2025-12-22,sz.301377,118.4211720000,132.9408000000,117.6214500000,131.2374960000,12626843,1546511987.2700,17.778300,1
2025-12-23,sz.301377,131.3932860000,151.5109680000,129.5030340000,146.8268820000,15334490,2107344438.7500,21.590600,1
2025-12-24,sz.301377,147.5019720000,149.7453480000,140.2110000000,143.3475720000,12275272,1694339850.5100,17.283300,1
2025-12-25,sz.301377,143.7110820000,147.4812000000,142.0389360000,145.6740360000,9031114,1260944537.7500,12.715600,1
2025-12-26,sz.301377,144.3654000000,151.5317400000,140.5225800000,145.4974740000,9940502,1402087454.3500,13.996000,1
2025-12-29,sz.301377,146.4218280000,158.9058000000,145.5078600000,151.2201600000,11322911,1658113333.7400,15.942400,1
2025-12-30,sz.301377,148.0212720000,154.0243800000,146.7334080000,149.9738400000,7294932,1053620592.9700,10.271100,1
2025-12-31,sz.301377,148.1562900000,149.5687860000,141.2496000000,144.4692600000,8764494,1221201858.4700,12.340200,1
2026-01-05,sz.301377,147.4812000000,150.5866140000,141.2599860000,148.4263260000,7701995,1083712370.1900,10.844200,1
2026-01-06,sz.301377,151.6252140000,156.4650900000,146.4426000000,150.5970000000,9580879,1393432964.0400,13.489600,1
2026-01-07,sz.301377,142.2570420000,159.5081880000,141.6234960000,152.3106900000,9158838,1335198247.6700,12.895400,1
2026-01-08,sz.301377,151.3032480000,160.6506480000,148.7275200000,155.1460680000,8014439,1191512904.8000,11.284100,1
2026-01-09,sz.301377,155.3641740000,162.9563400000,148.8729240000,154.2840300000,7499719,1121222798.4500,10.559400,1
2026-01-12,sz.301377,154.2113280000,161.8138800000,142.1324100000,158.9058000000,9807397,1427637199.4700,13.808600,1
2026-01-13,sz.301377,155.8523160000,158.4903600000,151.6356000000,151.9471800000,5498119,820090971.3600,7.741200,1
2026-01-14,sz.301377,153.7335720000,169.1671680000,152.9961660000,167.5884960000,9025680,1423426697.7200,12.707900,1
2026-01-15,sz.301377,166.6641420000,171.1612800000,160.2040500000,166.5914400000,5907151,941746735.2700,8.317100,1
2026-01-16,sz.301377,167.4327060000,169.2502560000,161.5438440000,163.9845540000,5756829,912675712.2600,8.105500,1
2026-01-19,sz.301377,161.4295980000,164.8985220000,158.0126040000,163.4237100000,3985442,622149657.0200,5.611400,1
2026-01-20,sz.301377,162.9355680000,164.0780280000,158.5838340000,160.6921920000,4481308,692739726.7100,6.309600,1
2026-01-21,sz.301377,160.9830000000,180.1867140000,159.6639780000,175.5234000000,8573434,1380433126.0300,12.071200,1
2026-01-22,sz.301377,175.5337860000,184.6319220000,173.4462000000,179.1065700000,5727517,984321591.9300,8.064200,1
2026-01-23,sz.301377,179.6778000000,180.1243980000,165.6567000000,168.8244300000,5882342,963074104.5400,8.282200,1
2026-01-26,sz.301377,169.3956600000,189.1706040000,167.1834420000,186.0651900000,6664941,1154116365.7500,9.384100,1
2026-01-27,sz.301377,183.3959880000,191.6736300000,179.6778000000,189.5756580000,4949847,888935910.0400,6.969300,1
2026-01-28,sz.301377,187.1245620000,188.5786020000,181.3187880000,184.3203420000,3450646,611863567.3900,4.858400,1
2026-01-29,sz.301377,183.9360600000,199.6189200000,181.7550000000,181.7550000000,5750523,1048888817.3100,8.096600,1
2026-01-30,sz.301377,180.1971000000,190.4065380000,178.6392000000,187.4569140000,5096895,907563164.1400,7.176300,1
2026-02-02,sz.301377,183.8529720000,190.4688540000,176.8735800000,177.0293700000,3673352,647294103.5400,5.172000,1
2026-02-03,sz.301377,179.6778000000,184.2891840000,170.8497000000,182.3158440000,4901214,837416670.7500,6.900800,1
2026-02-04,sz.301377,180.7267860000,182.2639140000,171.9921600000,180.0413100000,3019499,515070862.8000,4.251400,1
2026-02-05,sz.301377,178.6392000000,183.8322000000,175.6064880000,179.1065700000,2546620,439981481.0000,3.585600,1
2026-02-06,sz.301377,175.1287320000,178.1199000000,167.0172660000,172.4699160000,3548186,588591830.1800,4.995800,1
2026-02-09,sz.301377,175.3987680000,186.4806300000,173.9655000000,180.8618040000,4615249,806272009.2900,6.498200,1
2026-02-10,sz.301377,182.6793540000,189.9391680000,181.0383660000,186.9480000000,3402587,611832543.6600,4.790800,1
2026-02-11,sz.301377,187.1141760000,187.4673000000,174.6094320000,183.8425860000,4530034,785116347.6300,6.378200,1
2026-02-12,sz.301377,182.7936000000,194.7375000000,180.7267860000,189.7106760000,3816015,694925508.4300,5.372900,1
2026-02-13,sz.301377,187.5088440000,195.8591880000,185.8055400000,186.5014020000,2649166,483629601.8700,3.730000,1
2026-02-24,sz.301377,188.5370580000,199.2034800000,186.9583860000,197.5001760000,3531778,667333637.9300,4.972700,1
2026-02-25,sz.301377,197.3340000000,228.4400700000,187.1557200000,220.7025000000,6150799,1196032536.5300,8.660200,1
2026-02-26,sz.301377,215.8003080000,224.3376000000,211.8744000000,216.9635400000,5418915,1138181510.7400,7.629700,1
2026-02-27,sz.301377,210.2230260000,213.9827580000,203.0566860000,205.4662380000,4877803,970843384.2300,6.867800,1
2026-03-02,sz.301377,199.0061460000,206.6710140000,198.3726000000,199.4735160000,3675041,712042790.4200,5.174400,1
2026-03-03,sz.301377,201.8415240000,206.1724860000,195.6203100000,200.2940100000,4433451,860981627.8900,6.242200,1
2026-03-04,sz.301377,193.1276700000,202.4023680000,191.3932080000,198.9126720000,3263732,617279227.3200,4.595300,1
2026-03-05,sz.301377,201.4884000000,202.5270000000,195.2568000000,197.7078960000,2995388,571840949.7700,4.217400,1
2026-03-06,sz.301377,197.7286680000,205.7778180000,192.1410000000,199.0996200000,3046955,582914938.5600,4.290000,1
2026-03-09,sz.301377,193.1796000000,197.5209480000,177.7148460000,193.4911800000,3906411,702278195.6800,5.500100,1
2026-03-10,sz.301377,195.3295020000,204.4795680000,195.3295020000,202.3919820000,3101957,600784270.5300,4.367500,1
2026-03-11,sz.301377,202.5270000000,209.3506020000,197.4170880000,198.9438300000,2573402,500811577.8800,3.623300,1
2026-03-12,sz.301377,197.6040360000,201.8622960000,186.9480000000,189.3679380000,3394567,628397938.9100,4.779500,1
2026-03-13,sz.301377,187.7684940000,191.5386120000,185.0992920000,187.7788800000,2452132,443414575.5600,3.452500,1
2026-03-16,sz.301377,189.8560800000,203.5448280000,185.9094000000,200.9691000000,3996114,749704044.6200,5.626400,1
2026-03-17,sz.301377,200.9794860000,206.1724860000,190.7388900000,191.3101200000,3110514,584927168.3500,4.379500,1
2026-03-18,sz.301377,192.2760180000,196.9185600000,191.2789620000,194.7063420000,2523072,471987003.9100,3.552400,1
2026-03-19,sz.301377,190.2715200000,193.1692140000,184.9746600000,186.9272280000,2444475,442765260.8100,3.441800,1
2026-03-20,sz.301377,189.4510260000,192.1410000000,182.4612480000,184.4449740000,3984745,718871097.7500,5.610400,1
2026-03-23,sz.301377,180.5813820000,184.8708000000,171.4520880000,172.4387580000,2807966,478099945.5400,3.953500,1
2026-03-24,sz.301377,176.7074040000,181.7446140000,173.4565860000,180.3217320000,2476570,422442442.3400,3.486900,1
2026-03-25,sz.301377,181.3707180000,190.0430280000,181.3707180000,189.2952360000,2702246,487924643.8100,3.804700,1
2026-03-26,sz.301377,188.5162860000,192.1098420000,186.1482780000,188.1008460000,2200070,400619608.3800,3.097600,1
2026-03-27,sz.301377,182.9909340000,193.9170060000,178.8157620000,188.5266720000,2895266,519765849.8800,4.076500,1
2026-03-30,sz.301377,186.9480000000,203.5656000000,185.9094000000,200.5328880000,4626441,880159140.9100,6.513900,1
2026-03-31,sz.301377,200.1382200000,204.6042000000,194.8413600000,200.4082560000,4200973,810735386.0200,5.914900,1
2026-04-01,sz.301377,205.9647660000,206.1621000000,197.7078960000,201.3845400000,2910150,563758261.2600,4.097400,1
2026-04-02,sz.301377,199.5669900000,201.8415240000,191.1439440000,192.3591060000,2563027,482105855.8100,3.608700,1
2026-04-03,sz.301377,193.4288640000,206.9929800000,193.4288640000,200.5640460000,3790200,738119521.8000,5.336500,1
2026-04-07,sz.301377,199.5773760000,209.5583220000,199.5773760000,202.4750700000,2619601,516949787.6700,3.688300,1
2026-04-08,sz.301377,210.5969220000,220.1312700000,207.7200000000,219.1549860000,4106052,853488681.2600,5.781200,1
2026-04-09,sz.301377,216.8492940000,224.4414600000,212.9337720000,213.8996700000,3635982,762807732.7800,5.119400,1
2026-04-10,sz.301377,213.9827580000,227.3287680000,212.9130000000,222.9978060000,3692402,784977954.6700,5.198800,1
2026-04-13,sz.301377,220.1832000000,222.5719800000,217.5970860000,219.7469880000,3506422,741368348.3500,4.937000,1
2026-04-14,sz.301377,221.2218000000,237.8394000000,220.2662880000,237.3720300000,4536880,1014059533.5900,6.387800,1
2026-04-15,sz.301377,238.8780000000,253.1068200000,220.4947800000,225.6877800000,8253426,1851192813.9200,11.620600,1
2026-04-16,sz.301377,228.4920000000,232.6464000000,215.0109720000,225.0023040000,7956789,1719986288.7300,11.203000,1
2026-04-17,sz.301377,225.5527620000,236.7384840000,217.5139980000,233.9134920000,5780650,1275045840.7400,8.139000,1
2026-04-20,sz.301377,234.5470380000,252.8991000000,232.9579800000,236.2815000000,5486395,1272742112.1100,7.724700,1
2026-04-21,sz.301377,234.7236000000,237.5070480000,231.1196580000,235.7622000000,3639133,820478725.2400,5.123800,1
2026-04-22,sz.301377,236.8008000000,246.1378140000,232.2205740000,245.8262340000,4499562,1037358866.5600,6.335300,1
2026-04-23,sz.301377,245.8366200000,249.1393680000,228.5023860000,231.9713100000,5071423,1149719826.8800,7.140400,1
2026-04-24,sz.301377,232.0024680000,236.5930800000,223.4340180000,225.0438480000,3564502,782874617.2200,5.018700,1
2026-04-27,sz.301377,228.4920000000,246.7194300000,227.9623140000,238.0055760000,5079040,1166118597.7400,7.151200,1
2026-04-28,sz.301377,237.8390235000,240.0977135700,229.8347255100,232.1142330000,3378910,760852285.9400,4.757400,1
2026-04-29,sz.301377,232.1038242900,244.6046850000,229.8451342200,237.3185880000,3519620,805060495.5100,4.955500,1
2026-04-30,sz.301377,237.6412580100,245.4894253500,234.2063837100,244.2507888600,2997941,697368343.2100,4.221000,1
2026-05-06,sz.301377,244.6046850000,254.5658204700,240.4412010000,247.2589060500,4477195,1068088916.7800,6.303800,1
2026-05-07,sz.301377,246.6864270000,248.6536731900,236.5691608800,244.6671372600,3611839,846077453.8800,5.085400,1
2026-05-08,sz.301377,240.7950971400,253.4520885000,236.2360821600,247.0819579800,4151242,982921929.6200,5.844800,1
2026-05-11,sz.301377,248.2477335000,249.6841354800,237.3185880000,244.9689898500,4093307,961860792.3000,5.763300,1
2026-05-12,sz.301377,247.0507318500,248.2477335000,239.4211474200,247.6960718700,3657868,858861921.5600,5.150200,1
2026-05-13,sz.301377,241.0553148900,251.0164503600,237.4018576800,246.4470266700,4941494,1164040246.0400,6.957500,1
2026-05-14,sz.301377,248.7785777100,250.8499110000,232.9677472200,235.2368460000,4504783,1033574692.5800,6.342600,1
2026-05-15,sz.301377,237.5371709100,261.2482122900,235.8821860200,257.8133379900,8678382,2108228421.7500,12.218900,1
2026-05-18,sz.301377,249.8090400000,268.5447180000,234.1959750000,264.0481552800,7198704,1769423404.9300,9.937900,1
2026-05-19,sz.301377,263.9752943100,269.1796493100,247.6856631600,258.1255992900,3698023,913651298.9300,5.105200,1
2026-05-20,sz.301377,256.7932844100,262.6117533000,254.0974285200,258.1880515500,3217958,795786664.2900,4.442400,1
2026-05-21,sz.301377,259.3850532000,289.1019202500,259.1768790000,269.4398670600,6010001,1598856738.6000,8.296900,1
2026-05-22,sz.301377,272.7082020000,323.3257587300,272.7082020000,323.3257587300,6179711,1819327369.3400,6.250900,1
2026-05-25,sz.301377,343.4978387100,346.2561468600,320.7027638100,340.8748437900,7499259,2414117074.2900,7.585700,1
2026-05-26,sz.301377,334.0571387400,347.9423578800,313.9058761800,340.6042173300,9827103,3119159123.2200,9.940300,1
2026-05-27,sz.301377,340.3023647400,369.4883875800,335.1708707100,361.2655066800,9106311,3109919628.2500,9.211200,1
2026-05-28,sz.301377,357.9555369000,392.5124541000,350.6590311900,384.7267390200,7739810,2772927814.6100,7.829000,1
2026-05-29,sz.301377,383.0405280000,383.1550238100,360.1413660000,365.0542771200,6003823,2131857720.1700,6.073000,1
2026-06-01,sz.301377,358.4967898200,370.4043540600,344.6427968100,352.1995202700,6686250,2278328373.5500,6.763300,1
2026-06-02,sz.301377,352.1995202700,371.9240257200,351.8560328400,358.3510678800,5357867,1854467420.8200,5.419600,1
2026-06-03,sz.301377,358.3510678800,419.4710130000,351.9288938100,400.4647085400,8037228,3001052562.9300,8.129800,1
2026-06-04,sz.301377,393.4492380000,433.2833711700,387.2040120000,425.2166209200,6583297,2631353448.2400,6.659100,1
2026-06-05,sz.301377,425.1958035000,443.2028718000,406.2727687200,412.0912376100,5673012,2309719103.1700,5.738400,1
2026-06-08,sz.301377,403.8579480000,462.1363152900,391.0864608300,441.9850527300,6574758,2715493943.6200,6.650500,1
2026-06-09,sz.301377,442.3701750000,462.0426369000,428.4537297300,457.2546303000,5657198,2418263818.9400,5.722400,1
2026-06-10,sz.301377,451.3633004400,454.8606270000,431.5242991800,449.8644462000,4738546,2015836671.2300,4.793100,1
2026-06-11,sz.301377,447.2102251500,462.1467240000,431.9614650000,448.5009051900,4424963,1886350619.7200,4.475900,1
2026-06-12,sz.301377,461.9593672200,496.8805892700,456.7446035100,490.5625023000,6561676,3049840988.4900,6.637300,1
2026-06-15,sz.301377,496.9326328200,578.7242760000,477.7597890000,576.1845507600,5829984,2960327543.0100,5.897200,1
2026-06-16,sz.301377,571.4381790000,601.2591331500,556.7618979000,576.2053681800,6378826,3504223440.4000,6.452300,1
2026-06-17,sz.301377,561.0294690000,623.1486502800,557.9172647100,614.1138900000,5555400,3156266853.5000,5.619400,1
2026-06-18,sz.301377,593.4005571000,653.8543447800,593.3068787100,624.5226000000,4214006,2552510767.1800,4.262600,1
2026-06-22,sz.301377,629.7269550000,693.2200860000,624.5226000000,686.5585116000,4843856,3098611221.9900,4.899700,1
2026-06-23,sz.301377,671.1536208000,671.1536208000,607.7333507700,624.5226000000,5324741,3221941047.4300,5.386100,1
2026-06-24,sz.301377,604.5691029300,661.8898689000,603.7676322600,645.3400200000,4756626,2899822714.6700,4.811400,1
2026-06-25,sz.301377,645.3400200000,676.5557412900,627.8325697800,666.6778755000,4036354,2549894188.7200,4.082900,1
2026-06-26,sz.301377,666.1574400000,689.3688633000,613.1458799700,614.1138900000,5570791,3405198590.9700,5.635000,1
