symbol,entry_date,entry_price,exit_date,exit_price,shares,pnl,return_pct,bars_held,reason,r_per_share,pyramid_count,tp_taken,high_water,in_breakout_level,in_vol_ratio,in_adx,in_slope_ma60,stop_history,partial_exits
002049,2021-07-06,520.475989941,2021-07-13,520.2157519460295,200.0,-83.26054411085232,-0.0007998499999999093,5,stop,41.63807919528,0,0,574.42957486,513.31238822,1.5245796615173168,29.55810478605849,0.5514781957254015,"[{""date"": ""2021-07-08 00:00:00"", ""old"": 478.83791074571997, ""new"": 520.475989941, ""high_water"": 572.56465}]",[]
000625,2021-07-08,170.928587583,2021-07-13,170.8431232892085,700.0,-95.70206154477602,-0.000799849999999935,3,stop,13.674287006639986,0,0,187.4250027,170.6756727,1.294577548343116,38.99708911934109,0.8156773460892095,"[{""date"": ""2021-07-12 00:00:00"", ""old"": 157.25430057636, ""new"": 170.928587583, ""high_water"": 187.4250027}]",[]
601238,2021-07-12,28.8093610818,2021-07-13,26.491359889158375,4300.0,-10001.578982615998,-0.08073586199999987,1,stop,2.3047488865439973,0,0,28.8093610818,26.5799664,1.7634032722545714,46.14792020480468,0.37263431800163943,[],[]
002812,2021-07-13,942.85588190478,2021-07-14,866.9936976467214,100.0,-7612.228236735252,-0.0807358619999999,1,stop,75.42847055238235,0,0,942.85588190478,896.99090874,1.3121121207763493,63.27151431551545,1.0777538593530471,[],[]
688012,2021-07-09,175.64777999999998,2021-07-16,161.5151596212,700.0,-9926.752448680432,-0.08073586199999985,5,stop,14.051822399999992,0,0,181.57,171.39,1.530628826001558,37.9343289682399,0.6431814470046421,[],[]
300136,2021-07-07,420.99892596585,2021-07-21,366.859434522,300.0,-16274.864782261973,-0.12885911561353275,10,stop_gap,32.45129769355685,0,0,437.96089857,425.37656865,1.4926516311121327,23.51476167987853,0.13388598305196225,[],[]
600161,2021-07-15,452.015489627415,2021-07-23,415.6463233319932,200.0,-7298.772038484278,-0.08073586199999995,6,stop,36.1612391701932,0,0,464.71806971,439.87115705,2.291715058729702,34.167867376319116,0.14435930486818951,[],[]
002938,2021-07-19,41.7267157314,2021-07-26,38.369384183651555,2900.0,-9769.642852710265,-0.080735862,5,stop,3.338137258511999,0,0,43.44535356,40.01876634,1.2189602682980627,37.648684506094675,0.11405940966911808,[],[]
002129,2021-07-16,190.57174073123997,2021-07-27,190.47645486087436,600.0,-91.45728409432624,-0.0007998499999999726,7,stop,15.245739258499185,0,0,216.72576488,179.93446,1.8352745141597877,51.40868945643384,0.481357566605855,"[{""date"": ""2021-07-23 00:00:00"", ""old"": 175.32600147274078, ""new"": 190.57174073123997, ""high_water"": 212.1109752}]",[]
002916,2021-07-14,198.48657712505,2021-07-28,193.89595852599825,600.0,-4183.908647948583,-0.03513175138045269,10,stop,4.493622121550004,1,0,217.93842,193.550073,1.3845009011988558,47.13601655423066,0.3126586485844537,"[{""date"": ""2021-07-22 00:00:00"", ""old"": 179.3314160293745, ""new"": 193.9929550035, ""high_water"": 208.6846855}]",[]
601117,2021-07-22,11.430476422019998,2021-07-28,10.51078028910427,10400.0,-9597.63341682558,-0.08073586199999994,4,stop,0.9144381137615998,0,0,11.86693587,11.28135696,1.5287596023521643,56.249981195014065,0.4815562674550292,[],[]
688012,2021-07-23,197.29192999999998,2021-07-28,194.9025,600.0,-2203.110674999978,-0.018611258580115083,3,stop_gap,1.884274999999974,1,0,230.85,181.57,1.8565560023448375,30.561173916871628,0.5693473816158138,"[{""date"": ""2021-07-26 00:00:00"", ""old"": 179.7750426, ""new"": 195.407655, ""high_water"": 215.0}]",[]
601669,2021-07-26,5.557000405493076,2021-07-28,5.4610529076,34700.0,-5074.462315798506,-0.026316015190312847,2,stop_gap,0.00410534549307684,1,0,5.9941296,5.1061104,4.475207237370794,50.269776189176206,0.014871945150512626,"[{""date"": ""2021-07-27 00:00:00"", ""old"": 5.278236182579299, ""new"": 5.552895059999999, ""high_water"": 5.9941296}]",[]
603986,2021-07-27,1140.4269184949999,2021-08-03,1139.8567050357524,100.0,-91.21704707582234,-0.000799849999999998,5,stop,91.23415347959985,0,0,1307.38816614,1114.835739,1.2637879610207947,30.455039433374882,0.5955727509506181,"[{""date"": ""2021-07-30 00:00:00"", ""old"": 1049.1927650154, ""new"": 1140.4269184949999, ""high_water"": 1307.38816614}]",[]
601633,2021-08-03,234.12261080399998,2021-08-10,215.28510553871018,500.0,-9451.045398475704,-0.08073586199999983,5,stop,18.729808864319978,0,0,246.15880248,232.08072316,1.3662993818781746,31.94910399994426,0.6285830228071468,[],[]
600183,2021-07-29,252.139213653525,2021-08-11,252.01314404669824,500.0,-100.83677502037793,-0.0007998499999999361,9,stop,18.361455521150106,0,0,274.04714865,237.04848838,4.6455544014875185,23.387471860582465,0.017719298270969786,"[{""date"": ""2021-08-05 00:00:00"", ""old"": 233.77775813237488, ""new"": 252.139213653525, ""high_water"": 274.04714865}]",[]
603019,2021-07-30,130.25602028241,2021-08-13,119.95239251237008,900.0,-9305.652139014259,-0.079379160098521,10,stop,10.243621570684056,0,0,133.38481442,129.71184138,1.507889878946734,30.397664444670333,0.0974425342547299,[],[]
600845,2021-07-28,404.356743829248,2021-08-17,383.1238437390151,300.0,-10673.918621677289,-0.08799093691868516,14,stop,21.041242339488008,2,0,438.55004256,375.98572928,2.3699148212819416,40.094188537648506,0.41075456920697817,"[{""date"": ""2021-07-29 00:00:00"", ""old"": 353.6224307845729, ""new"": 383.31550148976, ""high_water"": 438.55004256}]",[]
601117,2021-08-11,12.330250061050775,2021-08-18,12.18959875259955,9500.0,-2049.1762706934514,-0.017493786765730098,5,stop,0.13455346015077474,1,0,13.7431785,11.86693587,2.039102161158888,45.8525425062518,0.623077684073705,"[{""date"": ""2021-08-13 00:00:00"", ""old"": 11.220040872828001, ""new"": 12.1956966009, ""high_water"": 13.30100667}]",[]
000723,2021-08-17,90.84918881345999,2021-08-18,83.53946308152901,1200.0,-8801.745085026529,-0.08073586199999991,1,stop,7.267935105076802,0,0,90.84918881345999,86.14877392,1.5802476063926376,44.58767824128081,0.4039483745714846,[],[]
601555,2021-08-18,11.507434164553011,2021-08-30,11.267965636330338,6600.0,-1502.1826492915402,-0.01977881675933797,8,stop,0.5637635237830114,1,1,13.55464842,10.99876744,6.368071971380599,26.8038678083878,0.037985721531153684,"[{""date"": ""2021-08-19 00:00:00"", ""old"": 10.263186309913081, ""new"": 10.94367064077, ""high_water"": 13.55464842}]","[{""date"": ""2021-08-19 00:00:00"", ""price"": 12.978631071524086, ""shares"": 1600.0, ""reason"": ""tp_3.0R"", ""remaining"": 5000.0}]"
601117,2021-08-30,15.0652722717,2021-09-14,15.05773963556415,7700.0,-92.78467680419203,-0.0007998499999999469,11,stop,1.2052217817360003,0,0,18.42780978,13.80293145,1.7694105576697017,38.72206506146894,0.7521100029014256,"[{""date"": ""2021-08-31 00:00:00"", ""old"": 13.860050489964, ""new"": 15.0652722717, ""high_water"": 16.62327069}]",[]
601238,2021-08-13,27.438412658279063,2021-09-17,30.433206986100668,4300.0,19108.251940644943,0.1619546865346595,25,stop_gap,1.1690485002590627,1,2,35.780724,26.22215916,1.5277065953108193,24.699710475457458,0.37809280088940517,"[{""date"": ""2021-08-24 00:00:00"", ""old"": 24.167815025378403, ""new"": 26.26936415802, ""high_water"": 28.4541948}, {""date"": ""2021-09-07 00:00:00"", ""old"": 26.26936415802, ""new"": 26.37550512, ""high_water"": 35.780724}, {""date"": ""2021-09-08 00:00:00"", ""old"": 26.37550512, ""new"": 26.78442768, ""high_water"": 35.780724}, {""date"": ""2021-09-09 00:00:00"", ""old"": 26.78442768, ""new"": 26.93777364, ""high_water"": 35.780724}, {""date"": ""2021-09-13 00:00:00"", ""old"": 26.93777364, ""new"": 29.03350176, ""high_water"": 35.780724}, {""date"": ""2021-09-14 00:00:00"", ""old"": 29.03350176, ""new"": 29.0505402, ""high_water"": 35.780724}, {""date"": ""2021-09-16 00:00:00"", ""old"": 29.0505402, ""new"": 30.44769228, ""high_water"": 35.780724}]","[{""date"": ""2021-08-30 00:00:00"", ""price"": 30.930085379976724, ""shares"": 1000.0, ""reason"": ""tp_3.0R"", ""remaining"": 5400.0}, {""date"": ""2021-09-03 00:00:00"", ""price"": 34.43547730800353, ""shares"": 1000.0, ""reason"": ""tp_6.0R"", ""remaining"": 4400.0}]"
600019,2021-09-14,26.058132434939996,2021-09-17,23.961495099224724,5000.0,-10519.128921225196,-0.08073586199999999,3,stop,2.0846505947951997,0,0,26.058132434939996,25.71176803,1.3030886196193894,59.21772037588742,0.44203702885757135,[],[]
600025,2021-09-22,8.3086820649,2021-09-24,8.30452772386755,5600.0,-37.215916357817754,-0.0007998500000000058,2,stop,0.6477563874830397,0,0,9.47959252,7.95427072,2.216973983624329,44.183683291850144,0.21988983419493402,"[{""date"": ""2021-09-23 00:00:00"", ""old"": 7.66092567741696, ""new"": 8.3086820649, ""high_water"": 9.47959252}]",[]
600958,2021-08-10,15.902459497775862,2021-09-27,17.73990730751438,7900.0,31487.68159594732,0.25063937317728224,32,stop,1.0165197075058625,2,2,22.00988116,14.78893846,1.5378707522608954,47.04675643174678,0.5046682595885735,"[{""date"": ""2021-08-16 00:00:00"", ""old"": 13.6950646070484, ""new"": 14.88593979027, ""high_water"": 16.43464168}, {""date"": ""2021-08-30 00:00:00"", ""old"": 14.88593979027, ""new"": 15.19196782, ""high_water"": 19.96114858}, {""date"": ""2021-08-31 00:00:00"", ""old"": 15.19196782, ""new"": 15.40467776, ""high_water"": 19.96114858}, {""date"": ""2021-09-01 00:00:00"", ""old"": 15.40467776, ""new"": 15.60619244, ""high_water"": 19.96114858}, {""date"": ""2021-09-02 00:00:00"", ""old"": 15.60619244, ""new"": 15.63977822, ""high_water"": 19.96114858}, {""date"": ""2021-09-15 00:00:00"", ""old"": 15.63977822, ""new"": 16.05400284, ""high_water"": 22.00988116}, {""date"": ""2021-09-16 00:00:00"", ""old"": 16.05400284, ""new"": 17.36384826, ""high_water"": 22.00988116}, {""date"": ""2021-09-17 00:00:00"", ""old"": 17.36384826, ""new"": 17.48699612, ""high_water"": 22.00988116}, {""date"": ""2021-09-22 00:00:00"", ""old"": 17.48699612, ""new"": 17.6885108, ""high_water"": 22.00988116}, {""date"": ""2021-09-23 00:00:00"", ""old"": 17.6885108, ""new"": 18.10273542, ""high_water"": 22.00988116}, {""date"": ""2021-09-24 00:00:00"", ""old"": 18.10273542, ""new"": 18.1363212, ""high_water"": 22.00988116}]","[{""date"": ""2021-08-18 00:00:00"", ""price"": 16.077338091511933, ""shares"": 1900.0, ""reason"": ""tp_3.0R"", ""remaining"": 9900.0}, {""date"": ""2021-08-18 00:00:00"", ""price"": 16.976469044864736, ""shares"": 1900.0, ""reason"": ""tp_6.0R"", ""remaining"": 8000.0}]"
600208,2021-09-17,17.547618424499998,2021-09-27,16.513940887973828,9800.0,-10178.59084416711,-0.05918932664631138,4,stop,1.0254164355316853,0,0,18.45909725,17.6471135,3.173841384628765,42.24792778145047,0.009013048473921816,[],[]
601727,2021-09-27,6.347488158,2021-09-28,5.8041460752,19700.0,-10738.141534464427,-0.08587386270828545,1,stop_gap,0.5077990526399994,0,0,6.347488158,6.0813984,2.0683299758510327,22.940526350575198,0.2474943982464114,[],[]
600011,2021-09-24,31.673644657875,2021-09-30,29.12518320870238,1400.0,-3580.0786057893188,-0.08073586199999983,4,stop,2.5338915726299973,0,0,33.65321747,29.81590647,1.6950873589259223,52.22359885257967,0.9241419718475294,[],[]
601669,2021-08-19,8.686830204479998,2021-10-08,9.68962112065718,15400.0,35155.91233988633,0.26279452883338855,29,stop,0.23831420447999818,2,2,12.2842656,7.276824,1.7324670215224154,61.581566205232456,0.5775606155478038,"[{""date"": ""2021-09-01 00:00:00"", ""old"": 6.936429713615999, ""new"": 7.539597514799999, ""high_water"": 8.4115152}, {""date"": ""2021-09-15 00:00:00"", ""old"": 7.539597514799999, ""new"": 7.5481632, ""high_water"": 11.6922528}, {""date"": ""2021-09-16 00:00:00"", ""old"": 7.5481632, ""new"": 7.585164, ""high_water"": 11.6922528}, {""date"": ""2021-09-17 00:00:00"", ""old"": 7.585164, ""new"": 8.448516, ""high_water"": 11.6922528}, {""date"": ""2021-09-22 00:00:00"", ""old"": 8.448516, ""new"": 8.7691896, ""high_water"": 11.6922528}, {""date"": ""2021-09-24 00:00:00"", ""old"": 8.7691896, ""new"": 9.681876, ""high_water"": 12.2842656}]","[{""date"": ""2021-09-06 00:00:00"", ""price"": 9.344426367892824, ""shares"": 3800.0, ""reason"": ""tp_3.0R"", ""remaining"": 11600.0}, {""date"": ""2021-09-22 00:00:00"", ""price"": 10.111657073644308, ""shares"": 3800.0, ""reason"": ""tp_6.0R"", ""remaining"": 23200.0}]"
003816,2021-09-29,3.5835971031,2021-10-11,3.295260880184574,34500.0,-9981.7056406921,-0.08073586199999995,3,stop,0.286687768248,0,0,3.6874642,3.6557668,1.6636497272785558,65.70240410490771,0.23535503307098946,[],[]
600025,2021-10-08,9.8912881725,2021-10-11,8.70692663886,12100.0,-14362.380700743048,-0.12000192400942375,1,stop_gap,0.7913030538000001,0,0,9.8912881725,9.47959252,1.2063283735221941,49.69643294267292,0.3556203041990335,[],[]
600900,2021-09-30,62.3909354778,2021-10-13,59.023020192684456,2900.0,-9818.304354402713,-0.05426464862637017,4,stop,3.3383890118825903,0,0,63.23054498,61.96649588,1.8717263382512288,29.26894582243234,0.06324633019501379,[],[]
600233,2021-10-22,61.586825293634995,2021-10-25,56.631549330509124,900.0,-4475.0388851325215,-0.08073586199999999,1,stop,4.9269460234908,0,0,61.586825293634995,58.13410655,1.645561409698824,47.43248160724161,0.5740962369471672,[],[]
300498,2021-10-20,33.624792664335,2021-10-27,30.919341846562606,1700.0,-4615.035254554811,-0.08073586199999991,5,stop,2.6899834131467983,0,0,33.77103531,32.32399638,2.3228617730257413,35.57830350495847,0.05836768405904193,[],[]
601328,2021-11-02,9.860089681049999,2021-11-03,9.577781223745001,18800.0,-5361.417683435882,-0.02892283953767776,1,stop_gap,0.230061241359385,0,0,9.860089681049999,9.6454778,3.827777524320437,31.171241091015744,0.03659529970446289,[],[]
002602,2021-11-08,74.3956050129,2021-11-11,68.40973463356207,700.0,-4204.475309809605,-0.08073586200000006,3,stop,5.951648401032003,0,0,76.8594854,73.0117014,2.8519055136946534,22.882052642889523,0.3551927177605081,[],[]
000876,2021-11-05,228.00055792730998,2021-11-24,209.65563303647866,200.0,-3681.564316148453,-0.08073586199999983,13,stop,18.240044634184784,0,0,229.00439078,218.10607322,2.41429016252148,38.568120454639086,0.2709099672257562,[],[]
600004,2021-11-15,27.851648014574998,2021-11-24,25.715085938952235,2200.0,-4717.408523089786,-0.07698921802696668,7,stop,2.123698100665809,0,0,27.851648014574998,27.17754585,1.5652856500290766,26.772827898863376,0.3737889011389317,[],[]
600487,2021-10-12,113.89418005928569,2021-11-29,116.10126747363275,500.0,2140.5745416516133,0.03758883097516262,34,stop,3.972930901285693,2,1,131.575548,105.465796,2.5276352559114814,23.06758735335565,0.2884207315248928,"[{""date"": ""2021-11-01 00:00:00"", ""old"": 101.22653060260984, ""new"": 109.921249158, ""high_water"": 118.740698}, {""date"": ""2021-11-15 00:00:00"", ""old"": 109.921249158, ""new"": 111.406498, ""high_water"": 125.928214}, {""date"": ""2021-11-18 00:00:00"", ""old"": 111.406498, ""new"": 111.553182, ""high_water"": 131.575548}, {""date"": ""2021-11-25 00:00:00"", ""old"": 111.553182, ""new"": 113.240048, ""high_water"": 131.575548}, {""date"": ""2021-11-26 00:00:00"", ""old"": 113.240048, ""new"": 115.88036, ""high_water"": 131.575548}]","[{""date"": ""2021-11-04 00:00:00"", ""price"": 118.33204870269465, ""shares"": 100.0, ""reason"": ""tp_3.0R"", ""remaining"": 600.0}]"
600522,2021-11-04,93.51818262648182,2021-12-02,109.69332362202913,600.0,19780.300129701038,0.35252146648858906,20,stop,8.806052178706821,2,1,128.0785224,79.59351265,7.013556505801056,32.22035693703285,0.004584030282245414,"[{""date"": ""2021-11-05 00:00:00"", ""old"": 77.935160011953, ""new"": 84.712130447775, ""high_water"": 102.4367857}, {""date"": ""2021-11-19 00:00:00"", ""old"": 84.712130447775, ""new"": 93.8461531, ""high_water"": 128.0785224}, {""date"": ""2021-11-22 00:00:00"", ""old"": 93.8461531, ""new"": 100.0938859, ""high_water"": 128.0785224}, {""date"": ""2021-11-23 00:00:00"", ""old"": 100.0938859, ""new"": 101.33041635, ""high_water"": 128.0785224}, {""date"": ""2021-11-25 00:00:00"", ""old"": 101.33041635, ""new"": 104.7796855, ""high_water"": 128.0785224}, {""date"": ""2021-11-26 00:00:00"", ""old"": 104.7796855, ""new"": 106.01621595, ""high_water"": 128.0785224}, {""date"": ""2021-11-29 00:00:00"", ""old"": 106.01621595, ""new"": 109.0750018, ""high_water"": 128.0785224}, {""date"": ""2021-11-30 00:00:00"", ""old"": 109.0750018, ""new"": 110.31153225, ""high_water"": 128.0785224}]","[{""date"": ""2021-11-08 00:00:00"", ""price"": 103.49974214172465, ""shares"": 100.0, ""reason"": ""tp_3.0R"", ""remaining"": 800.0}]"
601231,2021-11-26,35.58367391882,2021-12-07,34.43302079174265,2200.0,-3831.2440099390733,-0.04894026833612732,7,stop,1.1334280041199989,1,0,38.6812603,34.96964804,2.6083052604968455,27.322342863235928,0.06126543294544065,"[{""date"": ""2021-12-01 00:00:00"", ""old"": 32.412379146510105, ""new"": 34.4502459147, ""high_water"": 37.83161412}]",[]
000776,2021-12-03,142.005933232875,2021-12-10,141.9349302662586,400.0,-45.433378278518596,-0.0007998499999998691,5,stop,11.360474658629983,0,0,157.3714773,140.4895995,1.328641018979737,29.314452202844336,0.24131626531051698,"[{""date"": ""2021-12-06 00:00:00"", ""old"": 130.64545857424503, ""new"": 142.005933232875, ""high_water"": 157.3714773}]",[]
002624,2021-12-14,68.828384563785,2021-12-16,68.79397037150311,800.0,-44.041906714669835,-0.0007998499999999109,2,stop,5.506270765102798,0,0,74.38801671,68.16544497,1.4697199978047057,30.33825658377031,0.45109717857169584,"[{""date"": ""2021-12-15 00:00:00"", ""old"": 63.322113798682196, ""new"": 68.828384563785, ""high_water"": 74.38801671}]",[]
002938,2021-12-10,45.081627549,2021-12-17,41.454359796407466,1200.0,-4367.644872637744,-0.0807358619999998,5,stop,3.606530203919995,0,0,45.081627549,43.7492405,2.316212427166384,34.91832354715072,0.27869067802633174,[],[]
600011,2021-12-16,35.3209128306,2021-12-20,34.36511540672001,1600.0,-1545.7711336032141,-0.027352264737196416,2,stop_gap,2.8256730264480012,0,0,38.68009488,34.30556034,1.2876177437293161,37.38900769306828,0.25255647851125357,"[{""date"": ""2021-12-17 00:00:00"", ""old"": 32.495239804152, ""new"": 35.3209128306, ""high_water"": 38.68009488}]",[]
600745,2021-12-06,277.730783994,2021-12-29,256.21845873113864,200.0,-4317.838160096137,-0.07773423777519416,17,stop,21.38415194683779,0,0,298.05921816,266.96477234,1.899867955402063,42.77132116852453,0.15381428753217286,[],[]
000723,2021-12-17,109.7956935501407,2021-12-29,106.70370835136782,500.0,-2656.5737747198114,-0.048391219888904415,8,stop,4.229308736140709,2,1,122.70614268,101.7896176,1.2249257528491522,38.00328406966761,0.20375424209495038,"[{""date"": ""2021-12-23 00:00:00"", ""old"": 97.12107402887999, ""new"": 105.56638481399999, ""high_water"": 118.5476644}]","[{""date"": ""2021-12-24 00:00:00"", ""price"": 116.22456218956646, ""shares"": 100.0, ""reason"": ""tp_3.0R"", ""remaining"": 600.0}]"
601985,2021-12-20,9.004469377553571,2022-01-05,8.644811488796586,6800.0,-4553.195100912693,-0.07436168493273532,11,stop,0.49100604318857144,2,1,10.07996572,8.55441037,1.524055879389027,22.40476649829143,0.2921072394399594,"[{""date"": ""2021-12-23 00:00:00"", ""old"": 7.844416626714469, ""new"": 8.513463334365, ""high_water"": 9.24373538}]","[{""date"": ""2021-12-27 00:00:00"", ""price"": 9.594045691487976, ""shares"": 1700.0, ""reason"": ""tp_3.0R"", ""remaining"": 8500.0}]"
002916,2021-12-31,209.51585247345,2022-01-10,194.88444282859797,300.0,-4406.962493310182,-0.07011342962491166,5,stop,14.53391867795429,0,0,214.0293658,206.349631,1.5752202580165338,30.483744794010057,0.2626372675325776,[],[]
000963,2021-12-30,364.43486956159495,2022-01-13,354.71122927217056,200.0,-2949.0160974618143,-0.04046012530317693,9,stop,9.54619595261994,1,0,390.66835566,346.14170454,2.0188834259529838,25.292731083157367,0.268061921360295,"[{""date"": ""2022-01-07 00:00:00"", ""old"": 333.1153436191879, ""new"": 354.888673608975, ""high_water"": 390.66835566}]",[]
002120,2021-12-09,132.87597774648,2022-01-14,132.80953975760679,400.0,-42.51234032020021,-0.0007998499999998382,25,stop,10.6300782197184,0,0,147.72063824,132.55684304,1.3725968894811016,23.503052693439425,0.41549936877895205,"[{""date"": ""2022-01-11 00:00:00"", ""old"": 122.2458995267616, ""new"": 132.87597774648, ""high_water"": 147.72063824}]",[]
601933,2022-01-14,40.809139902765,2022-01-17,38.898365305764585,2300.0,-4421.621445161924,-0.047108175060114096,1,stop,1.8913156848914738,0,0,40.809139902765,40.33249558,1.9720238107891952,37.857755227794485,0.04285639509016188,[],[]
603658,2022-01-17,86.95201124848501,2022-01-18,80.76322838475129,700.0,-4349.108282574402,-0.07145334240163878,1,stop,6.148381048633794,0,0,86.95201124848501,85.8203059,3.2074621250179596,25.380586373821355,0.07494860932389046,[],[]
600637,2022-01-05,40.49998855434,2022-01-19,40.479738560062835,1800.0,-58.309048521331334,-0.0007998499999998821,10,stop,2.4735003102509268,0,0,43.36527048,39.32553996,3.870665230172461,47.581332968332354,0.04775860522144752,"[{""date"": ""2022-01-18 00:00:00"", ""old"": 38.02648824408907, ""new"": 40.49998855434, ""high_water"": 43.36527048}]",[]
002252,2022-01-18,183.93483465659997,2022-01-19,174.59756342369593,400.0,-3755.860200772461,-0.051048788661817696,1,stop,9.249928779965728,0,0,183.93483465659997,176.5859561,2.664749843944373,47.58924224549216,0.0015708267047346062,[],[]
002422,2022-01-10,131.87389307654098,2022-01-24,128.20250937865,700.0,-3709.8444507045688,-0.0401882257593227,10,stop_gap,0.5740245508409885,1,0,146.4020292,131.82777314,2.9828430524359852,28.74310746355715,0.034047893350888585,"[{""date"": ""2022-01-20 00:00:00"", ""old"": 125.42353257108928, ""new"": 131.2998685257, ""high_water"": 137.43325624}]",[]
601390,2022-01-21,8.095828811459999,2022-01-28,7.627195028991141,9500.0,-4473.75843928677,-0.05816846575497548,5,stop,0.4648182772017284,0,0,8.21589002,8.05455079,1.5628389947074255,43.679947298063766,0.14812362676426544,[],[]
601838,2022-01-19,16.555761844049997,2022-02-14,16.547483963127974,5100.0,-67.53484316590297,-0.0007998499999998778,13,stop,0.8557901089066959,0,0,17.75094178,16.4317714,1.5535577753742107,47.23929453095317,0.02009364896464603,"[{""date"": ""2022-02-11 00:00:00"", ""old"": 15.6999717351433, ""new"": 16.555761844049997, ""high_water"": 17.75094178}]",[]
600004,2022-01-24,30.258852375254996,2022-02-17,29.20210066947301,2000.0,-3196.5370079484996,-0.05281986521343677,13,stop,1.0421433512699991,1,0,33.009165,28.85001021,3.2285350436330797,31.052545744601115,0.1393762281186608,"[{""date"": ""2022-02-08 00:00:00"", ""old"": 27.081990824948097, ""new"": 29.216709023984997, ""high_water"": 31.4687373}]",[]
601800,2022-01-20,13.067002821367163,2022-02-24,13.198455271100002,4500.0,854.2025181151095,0.014526879989109625,20,stop,0.5907828288671642,1,0,14.832719,12.3124694,2.389838109071958,38.63584853531946,0.16887232041857908,"[{""date"": ""2022-02-08 00:00:00"", ""old"": 11.498372629009635, ""new"": 12.476219992499999, ""high_water"": 13.7957413}, {""date"": ""2022-02-22 00:00:00"", ""old"": 12.476219992499999, ""new"": 12.9819107, ""high_water"": 14.832719}, {""date"": ""2022-02-23 00:00:00"", ""old"": 12.9819107, ""new"": 13.2050578, ""high_water"": 14.832719}]",[]
601006,2022-02-08,14.254770525447823,2022-02-24,13.965986133219575,10600.0,-5687.42321364979,-0.0376399857732137,12,stop,0.359221973322823,2,1,14.91738975,13.76514999,2.0954671945388545,40.81448563537856,0.04879878398631199,"[{""date"": ""2022-02-09 00:00:00"", ""old"": 13.475900369315038, ""new"": 13.895548552125, ""high_water"": 14.67048123}]","[{""date"": ""2022-02-10 00:00:00"", ""price"": 14.519589060101827, ""shares"": 2600.0, ""reason"": ""tp_3.0R"", ""remaining"": 13300.0}]"
601088,2022-02-14,52.11448556067,2022-02-25,48.06535470805097,1100.0,-4469.905504934589,-0.07797353106941428,9,stop,4.025086152915158,0,0,53.72744832,51.42884097,1.8784714570164665,40.85301032536265,0.21597857814468097,[],[]
600271,2022-02-22,221.70634455338998,2022-03-07,206.6125050696652,200.0,-3031.1646470491382,-0.06835989861172402,9,stop,14.990481552224225,0,0,223.91349183,222.83178414,1.8364569663297143,25.94412949199595,0.18564610133268428,[],[]
600068,2021-08-02,41.86397241657232,2021-09-01,46.117588626180066,4700.0,43529.30018999816,0.22122968025481057,21,end_of_backtest,2.640637239917325,2,2,47.90516507,39.15644292,1.4194858948438132,52.399462902030145,0.1740488322515526,"[{""date"": ""2021-08-05 00:00:00"", ""old"": 37.540503451685325, ""new"": 39.22333517665499, ""high_water"": 41.99386632}, {""date"": ""2021-09-01 00:00:00"", ""old"": 39.22333517665499, ""new"": 41.56825281, ""high_water"": 47.90516507}]","[{""date"": ""2021-08-06 00:00:00"", ""price"": 42.311376932153095, ""shares"": 1100.0, ""reason"": ""tp_3.0R"", ""remaining"": 5900.0}, {""date"": ""2021-08-06 00:00:00"", ""price"": 44.64211699946792, ""shares"": 1100.0, ""reason"": ""tp_6.0R"", ""remaining"": 4800.0}]"
